Workbook

Sheet README
A1: REE minerals — oxide compositions for synthetic LIBS spectra
A3: How to edit
A4: • Edit only the blue numbers in Oxides_typical, Oxides_min and Oxides_max (wt%). Everything else is formulas.
A5: • To add a mineral: add the same row (same row number) to all three Oxides_* sheets, then copy the formula row of Concentrations, Uncertainties and Elements_typical down one row.
A6: • To add an oxide: insert it as a column in Factors (rows 1-4) and in the three Oxides_* sheets at the same column position, and extend the SUMPRODUCT ranges.
A8: Sheets
A9: Oxides_typical / _min / _max — one row per mineral, one column per oxide (wt%). Total = Σ oxides − O≡F,Cl (should be ≈ 98–102).
A10: Factors — oxide → element mass-fraction matrix (from AtomicWeights).
A11: Concentrations + Uncertainties — element wt% in the layout read by data/libs_pipeline.load_sample_types (paths.sample_matrix in the libs_data YAML). Nominal = midpoint of the natural range, uncertainty = half-width, so the generator's uniform draw covers min…max for every element.
A12: Elements_typical — element wt% of the typical analysis (reference only).
A13: Sources — literature / database source of every analysis and range.
A14: Orig_* — the original REE_by_LIBS_tables.xlsx sheets, unchanged.
... A21: Each element is drawn independently in the generator, so drawn compositions are not stoichiometrically coupled (e.g. all REEs high at once is possible).

Sheet AtomicWeights
A1: Element | B1: Atomic weight (u) | C1: In LIBS line DB
A2: O | B2: 15.999 | C2: yes
A3: Si | B3: 28.085 | C3: yes
A4: Ti | B4: 47.867 | C4: yes
A5: Zr | B5: 91.224 | C5: NO
A6: Hf | B6: 178.49 | C6: yes
A7: Sn | B7: 118.71 | C7: yes
A8: Al | B8: 26.981538 | C8: yes
A9: Fe | B9: 55.845 | C9: yes
A10: Mn | B10: 54.938044 | C10: yes
A11: Zn | B11: 65.38 | C11: unverified
A12: Cu | B12: 63.546 | C12: unverified
A13: Mg | B13: 24.305 | C13: yes
... A51: Bi | B51: 208.9804 | C51: yes
A53: Source: IUPAC 2013 standard atomic weights (data/atomic_data.py, ATOMIC_MASS_AMU). 'In LIBS line DB' = element has lines in external_data/Source/LIBS_data.db (QuantParam); elements marked NO are dropped by the generator.

Sheet Factors
A1: Oxide / species | C1: SiO2 | D1: TiO2 | E1: ZrO2 | F1: HfO2 | G1: SnO2 | H1: Al2O3 | I1: Fe2O3 | J1: FeO | K1: MnO | L1: ZnO | M1: Cu2O | N1: MgO | O1: CaO | P1: SrO | Q1: BaO | R1: PbO | S1: Na2O | T1: K2O | U1: Li2O | V1: B2O3 | W1: BeO | X1: Nb2O5 | Y1: Ta2O5 | Z1: WO3 | AA1: P2O5 | AB1: As2O5 | AC1: SO3 | AD1: CO2 | AE1: H2O | AF1: F | AG1: Cl | AH1: S (sulfide) | AI1: ThO2 | AJ1: UO2 | AK1: Sc2O3 | AL1: Y2O3 | AM1: La2O3 | AN1: Ce2O3 | AO1: CeO2 | AP1: Pr2O3 | AQ1: Nd2O3 | AR1: Sm2O3 | AS1: Eu2O3 | AT1: Gd2O3 | AU1: Tb2O3 | AV1: Dy2O3 | AW1: Ho2O3 | AX1: Er2O3 | AY1: Tm2O3 | AZ1: Yb2O3 | BA1: Lu2O3 | BB1: Bi2O3
A2: Cation element | C2: Si | D2: Ti | E2: Zr | F2: Hf | G2: Sn | H2: Al | I2: Fe | J2: Fe | K2: Mn | L2: Zn | M2: Cu | N2: Mg | O2: Ca | P2: Sr | Q2: Ba | R2: Pb | S2: Na | T2: K | U2: Li | V2: B | W2: Be | X2: Nb | Y2: Ta | Z2: W | AA2: P | AB2: As | AC2: S | AD2: C | AE2: H | AF2: F | AG2: Cl | AH2: S | AI2: Th | AJ2: U | AK2: Sc | AL2: Y | AM2: La | AN2: Ce | AO2: Ce | AP2: Pr | AQ2: Nd | AR2: Sm | AS2: Eu | AT2: Gd | AU2: Tb | AV2: Dy | AW2: Ho | AX2: Er | AY2: Tm | AZ2: Yb | BA2: Lu | BB2: Bi
A3: n cation | C3: 1 | D3: 1 | E3: 1 | F3: 1 | G3: 1 | H3: 2 | I3: 2 | J3: 1 | K3: 1 | L3: 1 | M3: 2 | N3: 1 | O3: 1 | P3: 1 | Q3: 1 | R3: 1 | S3: 2 | T3: 2 | U3: 2 | V3: 2 | W3: 1 | X3: 2 | Y3: 2 | Z3: 1 | AA3: 2 | AB3: 2 | AC3: 1 | AD3: 1 | AE3: 2 | AF3: 1 | AG3: 1 | AH3: 1 | AI3: 1 | AJ3: 1 | AK3: 2 | AL3: 2 | AM3: 2 | AN3: 2 | AO3: 1 | AP3: 2 | AQ3: 2 | AR3: 2 | AS3: 2 | AT3: 2 | AU3: 2 | AV3: 2 | AW3: 2 | AX3: 2 | AY3: 2 | AZ3: 2 | BA3: 2 | BB3: 2
A4: n O | C4: 2 | D4: 2 | E4: 2 | F4: 2 | G4: 2 | H4: 3 | I4: 3 | J4: 1 | K4: 1 | L4: 1 | M4: 1 | N4: 1 | O4: 1 | P4: 1 | Q4: 1 | R4: 1 | S4: 1 | T4: 1 | U4: 1 | V4: 3 | W4: 1 | X4: 5 | Y4: 5 | Z4: 3 | AA4: 5 | AB4: 5 | AC4: 3 | AD4: 2 | AE4: 1 | AF4: 0 | AG4: 0 | AH4: 0 | AI4: 2 | AJ4: 2 | AK4: 3 | AL4: 3 | AM4: 3 | AN4: 3 | AO4: 2 | AP4: 3 | AQ4: 3 | AR4: 3 | AS4: 3 | AT4: 3 | AU4: 3 | AV4: 3 | AW4: 3 | AX4: 3 | AY4: 3 | AZ4: 3 | BA4: 3 | BB4: 3
A5: Molar mass (g/mol) | C5: =C3*AtomicWeights!$B$3+C4*AtomicWeights!$B$2 -> 60.083 | D5: =D3*AtomicWeights!$B$4+D4*AtomicWeights!$B$2 -> 79.865 | E5: =E3*AtomicWeights!$B$5+E4*AtomicWeights!$B$2 -> 123.222 | F5: =F3*AtomicWeights!$B$6+F4*AtomicWeights!$B$2 -> 210.488 | G5: =G3*AtomicWeights!$B$7+G4*AtomicWeights!$B$2 -> 150.708 | H5: =H3*AtomicWeights!$B$8+H4*AtomicWeights!$B$2 -> 101.96008 | I5: =I3*AtomicWeights!$B$9+I4*AtomicWeights!$B$2 -> 159.687 | J5: =J3*AtomicWeights!$B$9+J4*AtomicWeights!$B$2 -> 71.844 | K5: =K3*AtomicWeights!$B$10+K4*AtomicWeights!$B$2 -> 70.937044 | L5: =L3*AtomicWeights!$B$11+L4*AtomicWeights!$B$2 -> 81.379 | M5: =M3*AtomicWeights!$B$12+M4*AtomicWeights!$B$2 -> 143.091 | N5: =N3*AtomicWeights!$B$13+N4*AtomicWeights!$B$2 -> 40.304 | O5: =O3*AtomicWeights!$B$14+O4*AtomicWeights!$B$2 -> 56.077 | P5: =P3*AtomicWeights!$B$15+P4*AtomicWeights!$B$2 -> 103.619 | Q5: =Q3*AtomicWeights!$B$16+Q4*AtomicWeights!$B$2 -> 153.326 | R5: =R3*AtomicWeights!$B$17+R4*AtomicWeights!$B$2 -> 223.199 | S5: =S3*AtomicWeights!$B$18+S4*AtomicWeights!$B$2 -> 61.978539 | T5: =T3*AtomicWeights!$B$19+T4*AtomicWeights!$B$2 -> 94.1956 | U5: =U3*AtomicWeights!$B$20+U4*AtomicWeights!$B$2 -> 29.879 | V5: =V3*AtomicWeights!$B$21+V4*AtomicWeights!$B$2 -> 69.617 | W5: =W3*AtomicWeights!$B$22+W4*AtomicWeights!$B$2 -> 25.011183 | X5: =X3*AtomicWeights!$B$23+X4*AtomicWeights!$B$2 -> 265.80774 | Y5: =Y3*AtomicWeights!$B$24+Y4*AtomicWeights!$B$2 -> 441.89076 | Z5: =Z3*AtomicWeights!$B$25+Z4*AtomicWeights!$B$2 -> 231.837 | AA5: =AA3*AtomicWeights!$B$26+AA4*AtomicWeights!$B$2 -> 141.94252 | AB5: =AB3*AtomicWeights!$B$27+AB4*AtomicWeights!$B$2 -> 229.83819 | AC5: =AC3*AtomicWeights!$B$28+AC4*AtomicWeights!$B$2 -> 80.057 | AD5: =AD3*AtomicWeights!$B$29+AD4*AtomicWeights!$B$2 -> 44.009 | AE5: =AE3*AtomicWeights!$B$30+AE4*AtomicWeights!$B$2 -> 18.015 | AF5: =AF3*AtomicWeights!$B$31+AF4*AtomicWeights!$B$2 -> 18.998403 | AG5: =AG3*AtomicWeights!$B$32+AG4*AtomicWeights!$B$2 -> 35.45 | AH5: =AH3*AtomicWeights!$B$28+AH4*AtomicWeights!$B$2 -> 32.06 | AI5: =AI3*AtomicWeights!$B$33+AI4*AtomicWeights!$B$2 -> 264.0357 | AJ5: =AJ3*AtomicWeights!$B$34+AJ4*AtomicWeights!$B$2 -> 270.02691 | AK5: =AK3*AtomicWeights!$B$35+AK4*AtomicWeights!$B$2 -> 137.90882 | AL5: =AL3*AtomicWeights!$B$36+AL4*AtomicWeights!$B$2 -> 225.80868 | AM5: =AM3*AtomicWeights!$B$37+AM4*AtomicWeights!$B$2 -> 325.80794 | AN5: =AN3*AtomicWeights!$B$38+AN4*AtomicWeights!$B$2 -> 328.229 | AO5: =AO3*AtomicWeights!$B$38+AO4*AtomicWeights!$B$2 -> 172.114 | AP5: =AP3*AtomicWeights!$B$39+AP4*AtomicWeights!$B$2 -> 329.81232 | AQ5: =AQ3*AtomicWeights!$B$40+AQ4*AtomicWeights!$B$2 -> 336.481 | AR5: =AR3*AtomicWeights!$B$41+AR4*AtomicWeights!$B$2 -> 348.717 | AS5: =AS3*AtomicWeights!$B$42+AS4*AtomicWeights!$B$2 -> 351.925 | AT5: =AT3*AtomicWeights!$B$43+AT4*AtomicWeights!$B$2 -> 362.497 | AU5: =AU3*AtomicWeights!$B$44+AU4*AtomicWeights!$B$2 -> 365.8477 | AV5: =AV3*AtomicWeights!$B$45+AV4*AtomicWeights!$B$2 -> 372.997 | AW5: =AW3*AtomicWeights!$B$46+AW4*AtomicWeights!$B$2 -> 377.85766 | AX5: =AX3*AtomicWeights!$B$47+AX4*AtomicWeights!$B$2 -> 382.515 | AY5: =AY3*AtomicWeights!$B$48+AY4*AtomicWeights!$B$2 -> 385.86544 | AZ5: =AZ3*AtomicWeights!$B$49+AZ4*AtomicWeights!$B$2 -> 394.087 | BA5: =BA3*AtomicWeights!$B$50+BA4*AtomicWeights!$B$2 -> 397.9306 | BB5: =BB3*AtomicWeights!$B$51+BB4*AtomicWeights!$B$2 -> 465.9578
A6: O factor (g O per g species) | C6: =C4*AtomicWeights!$B$2/C5 -> 0.53256329 | D6: =D4*AtomicWeights!$B$2/D5 -> 0.4006511 | E6: =E4*AtomicWeights!$B$2/E5 -> 0.25967765 | F6: =F4*AtomicWeights!$B$2/F5 -> 0.15201817 | G6: =G4*AtomicWeights!$B$2/G5 -> 0.21231786 | H6: =H4*AtomicWeights!$B$2/H5 -> 0.47074307 | I6: =I4*AtomicWeights!$B$2/I5 -> 0.30056924 | J6: =J4*AtomicWeights!$B$2/J5 -> 0.22269083 | ... AE6: =AE4*AtomicWeights!$B$2/AE5 -> 0.88809326 | AF6: =-AtomicWeights!$B$2/(2*AtomicWeights!$B$31) -> -0.4210617 | AG6: =-AtomicWeights!$B$2/(2*AtomicWeights!$B$32) -> -0.22565585 | AH6: =-AtomicWeights!$B$2/AtomicWeights!$B$28 -> -0.49903306 | AI6: =AI4*AtomicWeights!$B$2/AI5 -> 0.12118816 | AJ6: =AJ4*AtomicWeights!$B$2/AJ5 -> 0.1184993 | AK6: =AK4*AtomicWeights!$B$2/AK5 -> 0.34803431 | AL6: =AL4*AtomicWeights!$B$2/AL5 -> 0.21255605 | AM6: =AM4*AtomicWeights!$B$2/AM5 -> 0.14731685 | AN6: =AN4*AtomicWeights!$B$2/AN5 -> 0.14623022 | AO6: =AO4*AtomicWeights!$B$2/AO5 -> 0.18591166 | AP6: =AP4*AtomicWeights!$B$2/AP5 -> 0.14552822 | ... BB6: =BB4*AtomicWeights!$B$2/BB5 -> 0.10300718
A8: Element | B8: In LIBS line DB | C8: SiO2 | D8: TiO2 | E8: ZrO2 | F8: HfO2 | G8: SnO2 | H8: Al2O3 | I8: Fe2O3 | J8: FeO | K8: MnO | L8: ZnO | M8: Cu2O | N8: MgO | O8: CaO | P8: SrO | Q8: BaO | R8: PbO | S8: Na2O | T8: K2O | U8: Li2O | V8: B2O3 | W8: BeO | X8: Nb2O5 | Y8: Ta2O5 | Z8: WO3 | AA8: P2O5 | AB8: As2O5 | AC8: SO3 | AD8: CO2 | AE8: H2O | AF8: F | AG8: Cl | AH8: S (sulfide) | AI8: ThO2 | AJ8: UO2 | AK8: Sc2O3 | AL8: Y2O3 | AM8: La2O3 | AN8: Ce2O3 | AO8: CeO2 | AP8: Pr2O3 | AQ8: Nd2O3 | AR8: Sm2O3 | AS8: Eu2O3 | AT8: Gd2O3 | AU8: Tb2O3 | AV8: Dy2O3 | AW8: Ho2O3 | AX8: Er2O3 | AY8: Tm2O3 | AZ8: Yb2O3 | BA8: Lu2O3 | BB8: Bi2O3
A9: O | B9: =AtomicWeights!$C$2 -> yes | C9: =C$6 -> 0.53256329 | D9: =D$6 -> 0.4006511 | E9: =E$6 -> 0.25967765 | F9: =F$6 -> 0.15201817 | G9: =G$6 -> 0.21231786 | H9: =H$6 -> 0.47074307 | I9: =I$6 -> 0.30056924 | J9: =J$6 -> 0.22269083 | ... BB9: =BB$6 -> 0.10300718
A10: Si | B10: =AtomicWeights!$C$3 -> yes | C10: =IF(C$2=$A10,C$3*AtomicWeights!$B$3/C$5,0) -> 0.46743671 | D10: =IF(D$2=$A10,D$3*AtomicWeights!$B$3/D$5,0) -> 0 | E10: =IF(E$2=$A10,E$3*AtomicWeights!$B$3/E$5,0) -> 0 | F10: =IF(F$2=$A10,F$3*AtomicWeights!$B$3/F$5,0) -> 0 | G10: =IF(G$2=$A10,G$3*AtomicWeights!$B$3/G$5,0) -> 0 | H10: =IF(H$2=$A10,H$3*AtomicWeights!$B$3/H$5,0) -> 0 | I10: =IF(I$2=$A10,I$3*AtomicWeights!$B$3/I$5,0) -> 0 | J10: =IF(J$2=$A10,J$3*AtomicWeights!$B$3/J$5,0) -> 0 | ... BB10: =IF(BB$2=$A10,BB$3*AtomicWeights!$B$3/BB$5,0) -> 0
A11: Ti | B11: =AtomicWeights!$C$4 -> yes | C11: =IF(C$2=$A11,C$3*AtomicWeights!$B$4/C$5,0) -> 0 | D11: =IF(D$2=$A11,D$3*AtomicWeights!$B$4/D$5,0) -> 0.5993489 | E11: =IF(E$2=$A11,E$3*AtomicWeights!$B$4/E$5,0) -> 0 | F11: =IF(F$2=$A11,F$3*AtomicWeights!$B$4/F$5,0) -> 0 | G11: =IF(G$2=$A11,G$3*AtomicWeights!$B$4/G$5,0) -> 0 | H11: =IF(H$2=$A11,H$3*AtomicWeights!$B$4/H$5,0) -> 0 | I11: =IF(I$2=$A11,I$3*AtomicWeights!$B$4/I$5,0) -> 0 | J11: =IF(J$2=$A11,J$3*AtomicWeights!$B$4/J$5,0) -> 0 | ... BB11: =IF(BB$2=$A11,BB$3*AtomicWeights!$B$4/BB$5,0) -> 0
A12: Zr | B12: =AtomicWeights!$C$5 -> NO | C12: =IF(C$2=$A12,C$3*AtomicWeights!$B$5/C$5,0) -> 0 | D12: =IF(D$2=$A12,D$3*AtomicWeights!$B$5/D$5,0) -> 0 | E12: =IF(E$2=$A12,E$3*AtomicWeights!$B$5/E$5,0) -> 0.74032235 | F12: =IF(F$2=$A12,F$3*AtomicWeights!$B$5/F$5,0) -> 0 | G12: =IF(G$2=$A12,G$3*AtomicWeights!$B$5/G$5,0) -> 0 | H12: =IF(H$2=$A12,H$3*AtomicWeights!$B$5/H$5,0) -> 0 | I12: =IF(I$2=$A12,I$3*AtomicWeights!$B$5/I$5,0) -> 0 | J12: =IF(J$2=$A12,J$3*AtomicWeights!$B$5/J$5,0) -> 0 | ... BB12: =IF(BB$2=$A12,BB$3*AtomicWeights!$B$5/BB$5,0) -> 0
A13: Hf | B13: =AtomicWeights!$C$6 -> yes | C13: =IF(C$2=$A13,C$3*AtomicWeights!$B$6/C$5,0) -> 0 | D13: =IF(D$2=$A13,D$3*AtomicWeights!$B$6/D$5,0) -> 0 | E13: =IF(E$2=$A13,E$3*AtomicWeights!$B$6/E$5,0) -> 0 | F13: =IF(F$2=$A13,F$3*AtomicWeights!$B$6/F$5,0) -> 0.84798183 | G13: =IF(G$2=$A13,G$3*AtomicWeights!$B$6/G$5,0) -> 0 | H13: =IF(H$2=$A13,H$3*AtomicWeights!$B$6/H$5,0) -> 0 | I13: =IF(I$2=$A13,I$3*AtomicWeights!$B$6/I$5,0) -> 0 | J13: =IF(J$2=$A13,J$3*AtomicWeights!$B$6/J$5,0) -> 0 | ... BB13: =IF(BB$2=$A13,BB$3*AtomicWeights!$B$6/BB$5,0) -> 0
A14: Sn | B14: =AtomicWeights!$C$7 -> yes | C14: =IF(C$2=$A14,C$3*AtomicWeights!$B$7/C$5,0) -> 0 | D14: =IF(D$2=$A14,D$3*AtomicWeights!$B$7/D$5,0) -> 0 | E14: =IF(E$2=$A14,E$3*AtomicWeights!$B$7/E$5,0) -> 0 | F14: =IF(F$2=$A14,F$3*AtomicWeights!$B$7/F$5,0) -> 0 | G14: =IF(G$2=$A14,G$3*AtomicWeights!$B$7/G$5,0) -> 0.78768214 | H14: =IF(H$2=$A14,H$3*AtomicWeights!$B$7/H$5,0) -> 0 | I14: =IF(I$2=$A14,I$3*AtomicWeights!$B$7/I$5,0) -> 0 | J14: =IF(J$2=$A14,J$3*AtomicWeights!$B$7/J$5,0) -> 0 | ... BB14: =IF(BB$2=$A14,BB$3*AtomicWeights!$B$7/BB$5,0) -> 0
A15: Al | B15: =AtomicWeights!$C$8 -> yes | C15: =IF(C$2=$A15,C$3*AtomicWeights!$B$8/C$5,0) -> 0 | D15: =IF(D$2=$A15,D$3*AtomicWeights!$B$8/D$5,0) -> 0 | E15: =IF(E$2=$A15,E$3*AtomicWeights!$B$8/E$5,0) -> 0 | F15: =IF(F$2=$A15,F$3*AtomicWeights!$B$8/F$5,0) -> 0 | G15: =IF(G$2=$A15,G$3*AtomicWeights!$B$8/G$5,0) -> 0 | H15: =IF(H$2=$A15,H$3*AtomicWeights!$B$8/H$5,0) -> 0.52925693 | I15: =IF(I$2=$A15,I$3*AtomicWeights!$B$8/I$5,0) -> 0 | J15: =IF(J$2=$A15,J$3*AtomicWeights!$B$8/J$5,0) -> 0 | ... BB15: =IF(BB$2=$A15,BB$3*AtomicWeights!$B$8/BB$5,0) -> 0
A16: Fe | B16: =AtomicWeights!$C$9 -> yes | C16: =IF(C$2=$A16,C$3*AtomicWeights!$B$9/C$5,0) -> 0 | D16: =IF(D$2=$A16,D$3*AtomicWeights!$B$9/D$5,0) -> 0 | E16: =IF(E$2=$A16,E$3*AtomicWeights!$B$9/E$5,0) -> 0 | F16: =IF(F$2=$A16,F$3*AtomicWeights!$B$9/F$5,0) -> 0 | G16: =IF(G$2=$A16,G$3*AtomicWeights!$B$9/G$5,0) -> 0 | H16: =IF(H$2=$A16,H$3*AtomicWeights!$B$9/H$5,0) -> 0 | I16: =IF(I$2=$A16,I$3*AtomicWeights!$B$9/I$5,0) -> 0.69943076 | J16: =IF(J$2=$A16,J$3*AtomicWeights!$B$9/J$5,0) -> 0.77730917 | ... BB16: =IF(BB$2=$A16,BB$3*AtomicWeights!$B$9/BB$5,0) -> 0
A17: Mn | B17: =AtomicWeights!$C$10 -> yes | C17: =IF(C$2=$A17,C$3*AtomicWeights!$B$10/C$5,0) -> 0 | D17: =IF(D$2=$A17,D$3*AtomicWeights!$B$10/D$5,0) -> 0 | E17: =IF(E$2=$A17,E$3*AtomicWeights!$B$10/E$5,0) -> 0 | F17: =IF(F$2=$A17,F$3*AtomicWeights!$B$10/F$5,0) -> 0 | G17: =IF(G$2=$A17,G$3*AtomicWeights!$B$10/G$5,0) -> 0 | H17: =IF(H$2=$A17,H$3*AtomicWeights!$B$10/H$5,0) -> 0 | I17: =IF(I$2=$A17,I$3*AtomicWeights!$B$10/I$5,0) -> 0 | J17: =IF(J$2=$A17,J$3*AtomicWeights!$B$10/J$5,0) -> 0 | ... BB17: =IF(BB$2=$A17,BB$3*AtomicWeights!$B$10/BB$5,0) -> 0
A18: Zn | B18: =AtomicWeights!$C$11 -> unverified | C18: =IF(C$2=$A18,C$3*AtomicWeights!$B$11/C$5,0) -> 0 | D18: =IF(D$2=$A18,D$3*AtomicWeights!$B$11/D$5,0) -> 0 | E18: =IF(E$2=$A18,E$3*AtomicWeights!$B$11/E$5,0) -> 0 | F18: =IF(F$2=$A18,F$3*AtomicWeights!$B$11/F$5,0) -> 0 | G18: =IF(G$2=$A18,G$3*AtomicWeights!$B$11/G$5,0) -> 0 | H18: =IF(H$2=$A18,H$3*AtomicWeights!$B$11/H$5,0) -> 0 | I18: =IF(I$2=$A18,I$3*AtomicWeights!$B$11/I$5,0) -> 0 | J18: =IF(J$2=$A18,J$3*AtomicWeights!$B$11/J$5,0) -> 0 | ... BB18: =IF(BB$2=$A18,BB$3*AtomicWeights!$B$11/BB$5,0) -> 0
A19: Cu | B19: =AtomicWeights!$C$12 -> unverified | C19: =IF(C$2=$A19,C$3*AtomicWeights!$B$12/C$5,0) -> 0 | D19: =IF(D$2=$A19,D$3*AtomicWeights!$B$12/D$5,0) -> 0 | E19: =IF(E$2=$A19,E$3*AtomicWeights!$B$12/E$5,0) -> 0 | F19: =IF(F$2=$A19,F$3*AtomicWeights!$B$12/F$5,0) -> 0 | G19: =IF(G$2=$A19,G$3*AtomicWeights!$B$12/G$5,0) -> 0 | H19: =IF(H$2=$A19,H$3*AtomicWeights!$B$12/H$5,0) -> 0 | I19: =IF(I$2=$A19,I$3*AtomicWeights!$B$12/I$5,0) -> 0 | J19: =IF(J$2=$A19,J$3*AtomicWeights!$B$12/J$5,0) -> 0 | ... BB19: =IF(BB$2=$A19,BB$3*AtomicWeights!$B$12/BB$5,0) -> 0
A20: Mg | B20: =AtomicWeights!$C$13 -> yes | C20: =IF(C$2=$A20,C$3*AtomicWeights!$B$13/C$5,0) -> 0 | D20: =IF(D$2=$A20,D$3*AtomicWeights!$B$13/D$5,0) -> 0 | E20: =IF(E$2=$A20,E$3*AtomicWeights!$B$13/E$5,0) -> 0 | F20: =IF(F$2=$A20,F$3*AtomicWeights!$B$13/F$5,0) -> 0 | G20: =IF(G$2=$A20,G$3*AtomicWeights!$B$13/G$5,0) -> 0 | H20: =IF(H$2=$A20,H$3*AtomicWeights!$B$13/H$5,0) -> 0 | I20: =IF(I$2=$A20,I$3*AtomicWeights!$B$13/I$5,0) -> 0 | J20: =IF(J$2=$A20,J$3*AtomicWeights!$B$13/J$5,0) -> 0 | ... BB20: =IF(BB$2=$A20,BB$3*AtomicWeights!$B$13/BB$5,0) -> 0
A21: Ca | B21: =AtomicWeights!$C$14 -> yes | C21: =IF(C$2=$A21,C$3*AtomicWeights!$B$14/C$5,0) -> 0 | D21: =IF(D$2=$A21,D$3*AtomicWeights!$B$14/D$5,0) -> 0 | E21: =IF(E$2=$A21,E$3*AtomicWeights!$B$14/E$5,0) -> 0 | F21: =IF(F$2=$A21,F$3*AtomicWeights!$B$14/F$5,0) -> 0 | G21: =IF(G$2=$A21,G$3*AtomicWeights!$B$14/G$5,0) -> 0 | H21: =IF(H$2=$A21,H$3*AtomicWeights!$B$14/H$5,0) -> 0 | I21: =IF(I$2=$A21,I$3*AtomicWeights!$B$14/I$5,0) -> 0 | J21: =IF(J$2=$A21,J$3*AtomicWeights!$B$14/J$5,0) -> 0 | ... BB21: =IF(BB$2=$A21,BB$3*AtomicWeights!$B$14/BB$5,0) -> 0
A22: Sr | B22: =AtomicWeights!$C$15 -> yes | C22: =IF(C$2=$A22,C$3*AtomicWeights!$B$15/C$5,0) -> 0 | D22: =IF(D$2=$A22,D$3*AtomicWeights!$B$15/D$5,0) -> 0 | E22: =IF(E$2=$A22,E$3*AtomicWeights!$B$15/E$5,0) -> 0 | F22: =IF(F$2=$A22,F$3*AtomicWeights!$B$15/F$5,0) -> 0 | G22: =IF(G$2=$A22,G$3*AtomicWeights!$B$15/G$5,0) -> 0 | H22: =IF(H$2=$A22,H$3*AtomicWeights!$B$15/H$5,0) -> 0 | I22: =IF(I$2=$A22,I$3*AtomicWeights!$B$15/I$5,0) -> 0 | J22: =IF(J$2=$A22,J$3*AtomicWeights!$B$15/J$5,0) -> 0 | ... BB22: =IF(BB$2=$A22,BB$3*AtomicWeights!$B$15/BB$5,0) -> 0
A23: Ba | B23: =AtomicWeights!$C$16 -> yes | C23: =IF(C$2=$A23,C$3*AtomicWeights!$B$16/C$5,0) -> 0 | D23: =IF(D$2=$A23,D$3*AtomicWeights!$B$16/D$5,0) -> 0 | E23: =IF(E$2=$A23,E$3*AtomicWeights!$B$16/E$5,0) -> 0 | F23: =IF(F$2=$A23,F$3*AtomicWeights!$B$16/F$5,0) -> 0 | G23: =IF(G$2=$A23,G$3*AtomicWeights!$B$16/G$5,0) -> 0 | H23: =IF(H$2=$A23,H$3*AtomicWeights!$B$16/H$5,0) -> 0 | I23: =IF(I$2=$A23,I$3*AtomicWeights!$B$16/I$5,0) -> 0 | J23: =IF(J$2=$A23,J$3*AtomicWeights!$B$16/J$5,0) -> 0 | ... BB23: =IF(BB$2=$A23,BB$3*AtomicWeights!$B$16/BB$5,0) -> 0
A24: Pb | B24: =AtomicWeights!$C$17 -> yes | C24: =IF(C$2=$A24,C$3*AtomicWeights!$B$17/C$5,0) -> 0 | D24: =IF(D$2=$A24,D$3*AtomicWeights!$B$17/D$5,0) -> 0 | E24: =IF(E$2=$A24,E$3*AtomicWeights!$B$17/E$5,0) -> 0 | F24: =IF(F$2=$A24,F$3*AtomicWeights!$B$17/F$5,0) -> 0 | G24: =IF(G$2=$A24,G$3*AtomicWeights!$B$17/G$5,0) -> 0 | H24: =IF(H$2=$A24,H$3*AtomicWeights!$B$17/H$5,0) -> 0 | I24: =IF(I$2=$A24,I$3*AtomicWeights!$B$17/I$5,0) -> 0 | J24: =IF(J$2=$A24,J$3*AtomicWeights!$B$17/J$5,0) -> 0 | ... BB24: =IF(BB$2=$A24,BB$3*AtomicWeights!$B$17/BB$5,0) -> 0
A25: Na | B25: =AtomicWeights!$C$18 -> yes | C25: =IF(C$2=$A25,C$3*AtomicWeights!$B$18/C$5,0) -> 0 | D25: =IF(D$2=$A25,D$3*AtomicWeights!$B$18/D$5,0) -> 0 | E25: =IF(E$2=$A25,E$3*AtomicWeights!$B$18/E$5,0) -> 0 | F25: =IF(F$2=$A25,F$3*AtomicWeights!$B$18/F$5,0) -> 0 | G25: =IF(G$2=$A25,G$3*AtomicWeights!$B$18/G$5,0) -> 0 | H25: =IF(H$2=$A25,H$3*AtomicWeights!$B$18/H$5,0) -> 0 | I25: =IF(I$2=$A25,I$3*AtomicWeights!$B$18/I$5,0) -> 0 | J25: =IF(J$2=$A25,J$3*AtomicWeights!$B$18/J$5,0) -> 0 | ... BB25: =IF(BB$2=$A25,BB$3*AtomicWeights!$B$18/BB$5,0) -> 0
A26: K | B26: =AtomicWeights!$C$19 -> yes | C26: =IF(C$2=$A26,C$3*AtomicWeights!$B$19/C$5,0) -> 0 | D26: =IF(D$2=$A26,D$3*AtomicWeights!$B$19/D$5,0) -> 0 | E26: =IF(E$2=$A26,E$3*AtomicWeights!$B$19/E$5,0) -> 0 | F26: =IF(F$2=$A26,F$3*AtomicWeights!$B$19/F$5,0) -> 0 | G26: =IF(G$2=$A26,G$3*AtomicWeights!$B$19/G$5,0) -> 0 | H26: =IF(H$2=$A26,H$3*AtomicWeights!$B$19/H$5,0) -> 0 | I26: =IF(I$2=$A26,I$3*AtomicWeights!$B$19/I$5,0) -> 0 | J26: =IF(J$2=$A26,J$3*AtomicWeights!$B$19/J$5,0) -> 0 | ... BB26: =IF(BB$2=$A26,BB$3*AtomicWeights!$B$19/BB$5,0) -> 0
A27: Li | B27: =AtomicWeights!$C$20 -> unverified | C27: =IF(C$2=$A27,C$3*AtomicWeights!$B$20/C$5,0) -> 0 | D27: =IF(D$2=$A27,D$3*AtomicWeights!$B$20/D$5,0) -> 0 | E27: =IF(E$2=$A27,E$3*AtomicWeights!$B$20/E$5,0) -> 0 | F27: =IF(F$2=$A27,F$3*AtomicWeights!$B$20/F$5,0) -> 0 | G27: =IF(G$2=$A27,G$3*AtomicWeights!$B$20/G$5,0) -> 0 | H27: =IF(H$2=$A27,H$3*AtomicWeights!$B$20/H$5,0) -> 0 | I27: =IF(I$2=$A27,I$3*AtomicWeights!$B$20/I$5,0) -> 0 | J27: =IF(J$2=$A27,J$3*AtomicWeights!$B$20/J$5,0) -> 0 | ... BB27: =IF(BB$2=$A27,BB$3*AtomicWeights!$B$20/BB$5,0) -> 0
A28: B | B28: =AtomicWeights!$C$21 -> unverified | C28: =IF(C$2=$A28,C$3*AtomicWeights!$B$21/C$5,0) -> 0 | D28: =IF(D$2=$A28,D$3*AtomicWeights!$B$21/D$5,0) -> 0 | E28: =IF(E$2=$A28,E$3*AtomicWeights!$B$21/E$5,0) -> 0 | F28: =IF(F$2=$A28,F$3*AtomicWeights!$B$21/F$5,0) -> 0 | G28: =IF(G$2=$A28,G$3*AtomicWeights!$B$21/G$5,0) -> 0 | H28: =IF(H$2=$A28,H$3*AtomicWeights!$B$21/H$5,0) -> 0 | I28: =IF(I$2=$A28,I$3*AtomicWeights!$B$21/I$5,0) -> 0 | J28: =IF(J$2=$A28,J$3*AtomicWeights!$B$21/J$5,0) -> 0 | ... BB28: =IF(BB$2=$A28,BB$3*AtomicWeights!$B$21/BB$5,0) -> 0
A29: Be | B29: =AtomicWeights!$C$22 -> yes | C29: =IF(C$2=$A29,C$3*AtomicWeights!$B$22/C$5,0) -> 0 | D29: =IF(D$2=$A29,D$3*AtomicWeights!$B$22/D$5,0) -> 0 | E29: =IF(E$2=$A29,E$3*AtomicWeights!$B$22/E$5,0) -> 0 | F29: =IF(F$2=$A29,F$3*AtomicWeights!$B$22/F$5,0) -> 0 | G29: =IF(G$2=$A29,G$3*AtomicWeights!$B$22/G$5,0) -> 0 | H29: =IF(H$2=$A29,H$3*AtomicWeights!$B$22/H$5,0) -> 0 | I29: =IF(I$2=$A29,I$3*AtomicWeights!$B$22/I$5,0) -> 0 | J29: =IF(J$2=$A29,J$3*AtomicWeights!$B$22/J$5,0) -> 0 | ... BB29: =IF(BB$2=$A29,BB$3*AtomicWeights!$B$22/BB$5,0) -> 0
A30: Nb | B30: =AtomicWeights!$C$23 -> NO | C30: =IF(C$2=$A30,C$3*AtomicWeights!$B$23/C$5,0) -> 0 | D30: =IF(D$2=$A30,D$3*AtomicWeights!$B$23/D$5,0) -> 0 | E30: =IF(E$2=$A30,E$3*AtomicWeights!$B$23/E$5,0) -> 0 | F30: =IF(F$2=$A30,F$3*AtomicWeights!$B$23/F$5,0) -> 0 | G30: =IF(G$2=$A30,G$3*AtomicWeights!$B$23/G$5,0) -> 0 | H30: =IF(H$2=$A30,H$3*AtomicWeights!$B$23/H$5,0) -> 0 | I30: =IF(I$2=$A30,I$3*AtomicWeights!$B$23/I$5,0) -> 0 | J30: =IF(J$2=$A30,J$3*AtomicWeights!$B$23/J$5,0) -> 0 | ... BB30: =IF(BB$2=$A30,BB$3*AtomicWeights!$B$23/BB$5,0) -> 0
A31: Ta | B31: =AtomicWeights!$C$24 -> yes | C31: =IF(C$2=$A31,C$3*AtomicWeights!$B$24/C$5,0) -> 0 | D31: =IF(D$2=$A31,D$3*AtomicWeights!$B$24/D$5,0) -> 0 | E31: =IF(E$2=$A31,E$3*AtomicWeights!$B$24/E$5,0) -> 0 | F31: =IF(F$2=$A31,F$3*AtomicWeights!$B$24/F$5,0) -> 0 | G31: =IF(G$2=$A31,G$3*AtomicWeights!$B$24/G$5,0) -> 0 | H31: =IF(H$2=$A31,H$3*AtomicWeights!$B$24/H$5,0) -> 0 | I31: =IF(I$2=$A31,I$3*AtomicWeights!$B$24/I$5,0) -> 0 | J31: =IF(J$2=$A31,J$3*AtomicWeights!$B$24/J$5,0) -> 0 | ... BB31: =IF(BB$2=$A31,BB$3*AtomicWeights!$B$24/BB$5,0) -> 0
A32: W | B32: =AtomicWeights!$C$25 -> yes | C32: =IF(C$2=$A32,C$3*AtomicWeights!$B$25/C$5,0) -> 0 | D32: =IF(D$2=$A32,D$3*AtomicWeights!$B$25/D$5,0) -> 0 | E32: =IF(E$2=$A32,E$3*AtomicWeights!$B$25/E$5,0) -> 0 | F32: =IF(F$2=$A32,F$3*AtomicWeights!$B$25/F$5,0) -> 0 | G32: =IF(G$2=$A32,G$3*AtomicWeights!$B$25/G$5,0) -> 0 | H32: =IF(H$2=$A32,H$3*AtomicWeights!$B$25/H$5,0) -> 0 | I32: =IF(I$2=$A32,I$3*AtomicWeights!$B$25/I$5,0) -> 0 | J32: =IF(J$2=$A32,J$3*AtomicWeights!$B$25/J$5,0) -> 0 | ... BB32: =IF(BB$2=$A32,BB$3*AtomicWeights!$B$25/BB$5,0) -> 0
A33: P | B33: =AtomicWeights!$C$26 -> yes | C33: =IF(C$2=$A33,C$3*AtomicWeights!$B$26/C$5,0) -> 0 | D33: =IF(D$2=$A33,D$3*AtomicWeights!$B$26/D$5,0) -> 0 | E33: =IF(E$2=$A33,E$3*AtomicWeights!$B$26/E$5,0) -> 0 | F33: =IF(F$2=$A33,F$3*AtomicWeights!$B$26/F$5,0) -> 0 | G33: =IF(G$2=$A33,G$3*AtomicWeights!$B$26/G$5,0) -> 0 | H33: =IF(H$2=$A33,H$3*AtomicWeights!$B$26/H$5,0) -> 0 | I33: =IF(I$2=$A33,I$3*AtomicWeights!$B$26/I$5,0) -> 0 | J33: =IF(J$2=$A33,J$3*AtomicWeights!$B$26/J$5,0) -> 0 | ... BB33: =IF(BB$2=$A33,BB$3*AtomicWeights!$B$26/BB$5,0) -> 0
A34: As | B34: =AtomicWeights!$C$27 -> yes | C34: =IF(C$2=$A34,C$3*AtomicWeights!$B$27/C$5,0) -> 0 | D34: =IF(D$2=$A34,D$3*AtomicWeights!$B$27/D$5,0) -> 0 | E34: =IF(E$2=$A34,E$3*AtomicWeights!$B$27/E$5,0) -> 0 | F34: =IF(F$2=$A34,F$3*AtomicWeights!$B$27/F$5,0) -> 0 | G34: =IF(G$2=$A34,G$3*AtomicWeights!$B$27/G$5,0) -> 0 | H34: =IF(H$2=$A34,H$3*AtomicWeights!$B$27/H$5,0) -> 0 | I34: =IF(I$2=$A34,I$3*AtomicWeights!$B$27/I$5,0) -> 0 | J34: =IF(J$2=$A34,J$3*AtomicWeights!$B$27/J$5,0) -> 0 | ... BB34: =IF(BB$2=$A34,BB$3*AtomicWeights!$B$27/BB$5,0) -> 0
A35: S | B35: =AtomicWeights!$C$28 -> yes | C35: =IF(C$2=$A35,C$3*AtomicWeights!$B$28/C$5,0) -> 0 | D35: =IF(D$2=$A35,D$3*AtomicWeights!$B$28/D$5,0) -> 0 | E35: =IF(E$2=$A35,E$3*AtomicWeights!$B$28/E$5,0) -> 0 | F35: =IF(F$2=$A35,F$3*AtomicWeights!$B$28/F$5,0) -> 0 | G35: =IF(G$2=$A35,G$3*AtomicWeights!$B$28/G$5,0) -> 0 | H35: =IF(H$2=$A35,H$3*AtomicWeights!$B$28/H$5,0) -> 0 | I35: =IF(I$2=$A35,I$3*AtomicWeights!$B$28/I$5,0) -> 0 | J35: =IF(J$2=$A35,J$3*AtomicWeights!$B$28/J$5,0) -> 0 | ... BB35: =IF(BB$2=$A35,BB$3*AtomicWeights!$B$28/BB$5,0) -> 0
A36: C | B36: =AtomicWeights!$C$29 -> yes | C36: =IF(C$2=$A36,C$3*AtomicWeights!$B$29/C$5,0) -> 0 | D36: =IF(D$2=$A36,D$3*AtomicWeights!$B$29/D$5,0) -> 0 | E36: =IF(E$2=$A36,E$3*AtomicWeights!$B$29/E$5,0) -> 0 | F36: =IF(F$2=$A36,F$3*AtomicWeights!$B$29/F$5,0) -> 0 | G36: =IF(G$2=$A36,G$3*AtomicWeights!$B$29/G$5,0) -> 0 | H36: =IF(H$2=$A36,H$3*AtomicWeights!$B$29/H$5,0) -> 0 | I36: =IF(I$2=$A36,I$3*AtomicWeights!$B$29/I$5,0) -> 0 | J36: =IF(J$2=$A36,J$3*AtomicWeights!$B$29/J$5,0) -> 0 | ... BB36: =IF(BB$2=$A36,BB$3*AtomicWeights!$B$29/BB$5,0) -> 0
A37: H | B37: =AtomicWeights!$C$30 -> yes | C37: =IF(C$2=$A37,C$3*AtomicWeights!$B$30/C$5,0) -> 0 | D37: =IF(D$2=$A37,D$3*AtomicWeights!$B$30/D$5,0) -> 0 | E37: =IF(E$2=$A37,E$3*AtomicWeights!$B$30/E$5,0) -> 0 | F37: =IF(F$2=$A37,F$3*AtomicWeights!$B$30/F$5,0) -> 0 | G37: =IF(G$2=$A37,G$3*AtomicWeights!$B$30/G$5,0) -> 0 | H37: =IF(H$2=$A37,H$3*AtomicWeights!$B$30/H$5,0) -> 0 | I37: =IF(I$2=$A37,I$3*AtomicWeights!$B$30/I$5,0) -> 0 | J37: =IF(J$2=$A37,J$3*AtomicWeights!$B$30/J$5,0) -> 0 | ... BB37: =IF(BB$2=$A37,BB$3*AtomicWeights!$B$30/BB$5,0) -> 0
A38: F | B38: =AtomicWeights!$C$31 -> yes | C38: =IF(C$2=$A38,C$3*AtomicWeights!$B$31/C$5,0) -> 0 | D38: =IF(D$2=$A38,D$3*AtomicWeights!$B$31/D$5,0) -> 0 | E38: =IF(E$2=$A38,E$3*AtomicWeights!$B$31/E$5,0) -> 0 | F38: =IF(F$2=$A38,F$3*AtomicWeights!$B$31/F$5,0) -> 0 | G38: =IF(G$2=$A38,G$3*AtomicWeights!$B$31/G$5,0) -> 0 | H38: =IF(H$2=$A38,H$3*AtomicWeights!$B$31/H$5,0) -> 0 | I38: =IF(I$2=$A38,I$3*AtomicWeights!$B$31/I$5,0) -> 0 | J38: =IF(J$2=$A38,J$3*AtomicWeights!$B$31/J$5,0) -> 0 | ... BB38: =IF(BB$2=$A38,BB$3*AtomicWeights!$B$31/BB$5,0) -> 0
A39: Cl | B39: =AtomicWeights!$C$32 -> yes | C39: =IF(C$2=$A39,C$3*AtomicWeights!$B$32/C$5,0) -> 0 | D39: =IF(D$2=$A39,D$3*AtomicWeights!$B$32/D$5,0) -> 0 | E39: =IF(E$2=$A39,E$3*AtomicWeights!$B$32/E$5,0) -> 0 | F39: =IF(F$2=$A39,F$3*AtomicWeights!$B$32/F$5,0) -> 0 | G39: =IF(G$2=$A39,G$3*AtomicWeights!$B$32/G$5,0) -> 0 | H39: =IF(H$2=$A39,H$3*AtomicWeights!$B$32/H$5,0) -> 0 | I39: =IF(I$2=$A39,I$3*AtomicWeights!$B$32/I$5,0) -> 0 | J39: =IF(J$2=$A39,J$3*AtomicWeights!$B$32/J$5,0) -> 0 | ... BB39: =IF(BB$2=$A39,BB$3*AtomicWeights!$B$32/BB$5,0) -> 0
A40: Th | B40: =AtomicWeights!$C$33 -> NO | C40: =IF(C$2=$A40,C$3*AtomicWeights!$B$33/C$5,0) -> 0 | D40: =IF(D$2=$A40,D$3*AtomicWeights!$B$33/D$5,0) -> 0 | E40: =IF(E$2=$A40,E$3*AtomicWeights!$B$33/E$5,0) -> 0 | F40: =IF(F$2=$A40,F$3*AtomicWeights!$B$33/F$5,0) -> 0 | G40: =IF(G$2=$A40,G$3*AtomicWeights!$B$33/G$5,0) -> 0 | H40: =IF(H$2=$A40,H$3*AtomicWeights!$B$33/H$5,0) -> 0 | I40: =IF(I$2=$A40,I$3*AtomicWeights!$B$33/I$5,0) -> 0 | J40: =IF(J$2=$A40,J$3*AtomicWeights!$B$33/J$5,0) -> 0 | ... BB40: =IF(BB$2=$A40,BB$3*AtomicWeights!$B$33/BB$5,0) -> 0
A41: U | B41: =AtomicWeights!$C$34 -> NO | C41: =IF(C$2=$A41,C$3*AtomicWeights!$B$34/C$5,0) -> 0 | D41: =IF(D$2=$A41,D$3*AtomicWeights!$B$34/D$5,0) -> 0 | E41: =IF(E$2=$A41,E$3*AtomicWeights!$B$34/E$5,0) -> 0 | F41: =IF(F$2=$A41,F$3*AtomicWeights!$B$34/F$5,0) -> 0 | G41: =IF(G$2=$A41,G$3*AtomicWeights!$B$34/G$5,0) -> 0 | H41: =IF(H$2=$A41,H$3*AtomicWeights!$B$34/H$5,0) -> 0 | I41: =IF(I$2=$A41,I$3*AtomicWeights!$B$34/I$5,0) -> 0 | J41: =IF(J$2=$A41,J$3*AtomicWeights!$B$34/J$5,0) -> 0 | ... BB41: =IF(BB$2=$A41,BB$3*AtomicWeights!$B$34/BB$5,0) -> 0
A42: Sc | B42: =AtomicWeights!$C$35 -> yes | C42: =IF(C$2=$A42,C$3*AtomicWeights!$B$35/C$5,0) -> 0 | D42: =IF(D$2=$A42,D$3*AtomicWeights!$B$35/D$5,0) -> 0 | E42: =IF(E$2=$A42,E$3*AtomicWeights!$B$35/E$5,0) -> 0 | F42: =IF(F$2=$A42,F$3*AtomicWeights!$B$35/F$5,0) -> 0 | G42: =IF(G$2=$A42,G$3*AtomicWeights!$B$35/G$5,0) -> 0 | H42: =IF(H$2=$A42,H$3*AtomicWeights!$B$35/H$5,0) -> 0 | I42: =IF(I$2=$A42,I$3*AtomicWeights!$B$35/I$5,0) -> 0 | J42: =IF(J$2=$A42,J$3*AtomicWeights!$B$35/J$5,0) -> 0 | ... BB42: =IF(BB$2=$A42,BB$3*AtomicWeights!$B$35/BB$5,0) -> 0
A43: Y | B43: =AtomicWeights!$C$36 -> yes | C43: =IF(C$2=$A43,C$3*AtomicWeights!$B$36/C$5,0) -> 0 | D43: =IF(D$2=$A43,D$3*AtomicWeights!$B$36/D$5,0) -> 0 | E43: =IF(E$2=$A43,E$3*AtomicWeights!$B$36/E$5,0) -> 0 | F43: =IF(F$2=$A43,F$3*AtomicWeights!$B$36/F$5,0) -> 0 | G43: =IF(G$2=$A43,G$3*AtomicWeights!$B$36/G$5,0) -> 0 | H43: =IF(H$2=$A43,H$3*AtomicWeights!$B$36/H$5,0) -> 0 | I43: =IF(I$2=$A43,I$3*AtomicWeights!$B$36/I$5,0) -> 0 | J43: =IF(J$2=$A43,J$3*AtomicWeights!$B$36/J$5,0) -> 0 | ... BB43: =IF(BB$2=$A43,BB$3*AtomicWeights!$B$36/BB$5,0) -> 0
A44: La | B44: =AtomicWeights!$C$37 -> yes | C44: =IF(C$2=$A44,C$3*AtomicWeights!$B$37/C$5,0) -> 0 | D44: =IF(D$2=$A44,D$3*AtomicWeights!$B$37/D$5,0) -> 0 | E44: =IF(E$2=$A44,E$3*AtomicWeights!$B$37/E$5,0) -> 0 | F44: =IF(F$2=$A44,F$3*AtomicWeights!$B$37/F$5,0) -> 0 | G44: =IF(G$2=$A44,G$3*AtomicWeights!$B$37/G$5,0) -> 0 | H44: =IF(H$2=$A44,H$3*AtomicWeights!$B$37/H$5,0) -> 0 | I44: =IF(I$2=$A44,I$3*AtomicWeights!$B$37/I$5,0) -> 0 | J44: =IF(J$2=$A44,J$3*AtomicWeights!$B$37/J$5,0) -> 0 | ... BB44: =IF(BB$2=$A44,BB$3*AtomicWeights!$B$37/BB$5,0) -> 0
A45: Ce | B45: =AtomicWeights!$C$38 -> yes | C45: =IF(C$2=$A45,C$3*AtomicWeights!$B$38/C$5,0) -> 0 | D45: =IF(D$2=$A45,D$3*AtomicWeights!$B$38/D$5,0) -> 0 | E45: =IF(E$2=$A45,E$3*AtomicWeights!$B$38/E$5,0) -> 0 | F45: =IF(F$2=$A45,F$3*AtomicWeights!$B$38/F$5,0) -> 0 | G45: =IF(G$2=$A45,G$3*AtomicWeights!$B$38/G$5,0) -> 0 | H45: =IF(H$2=$A45,H$3*AtomicWeights!$B$38/H$5,0) -> 0 | I45: =IF(I$2=$A45,I$3*AtomicWeights!$B$38/I$5,0) -> 0 | J45: =IF(J$2=$A45,J$3*AtomicWeights!$B$38/J$5,0) -> 0 | ... BB45: =IF(BB$2=$A45,BB$3*AtomicWeights!$B$38/BB$5,0) -> 0
A46: Pr | B46: =AtomicWeights!$C$39 -> yes | C46: =IF(C$2=$A46,C$3*AtomicWeights!$B$39/C$5,0) -> 0 | D46: =IF(D$2=$A46,D$3*AtomicWeights!$B$39/D$5,0) -> 0 | E46: =IF(E$2=$A46,E$3*AtomicWeights!$B$39/E$5,0) -> 0 | F46: =IF(F$2=$A46,F$3*AtomicWeights!$B$39/F$5,0) -> 0 | G46: =IF(G$2=$A46,G$3*AtomicWeights!$B$39/G$5,0) -> 0 | H46: =IF(H$2=$A46,H$3*AtomicWeights!$B$39/H$5,0) -> 0 | I46: =IF(I$2=$A46,I$3*AtomicWeights!$B$39/I$5,0) -> 0 | J46: =IF(J$2=$A46,J$3*AtomicWeights!$B$39/J$5,0) -> 0 | ... BB46: =IF(BB$2=$A46,BB$3*AtomicWeights!$B$39/BB$5,0) -> 0
A47: Nd | B47: =AtomicWeights!$C$40 -> yes | C47: =IF(C$2=$A47,C$3*AtomicWeights!$B$40/C$5,0) -> 0 | D47: =IF(D$2=$A47,D$3*AtomicWeights!$B$40/D$5,0) -> 0 | E47: =IF(E$2=$A47,E$3*AtomicWeights!$B$40/E$5,0) -> 0 | F47: =IF(F$2=$A47,F$3*AtomicWeights!$B$40/F$5,0) -> 0 | G47: =IF(G$2=$A47,G$3*AtomicWeights!$B$40/G$5,0) -> 0 | H47: =IF(H$2=$A47,H$3*AtomicWeights!$B$40/H$5,0) -> 0 | I47: =IF(I$2=$A47,I$3*AtomicWeights!$B$40/I$5,0) -> 0 | J47: =IF(J$2=$A47,J$3*AtomicWeights!$B$40/J$5,0) -> 0 | ... BB47: =IF(BB$2=$A47,BB$3*AtomicWeights!$B$40/BB$5,0) -> 0
A48: Sm | B48: =AtomicWeights!$C$41 -> yes | C48: =IF(C$2=$A48,C$3*AtomicWeights!$B$41/C$5,0) -> 0 | D48: =IF(D$2=$A48,D$3*AtomicWeights!$B$41/D$5,0) -> 0 | E48: =IF(E$2=$A48,E$3*AtomicWeights!$B$41/E$5,0) -> 0 | F48: =IF(F$2=$A48,F$3*AtomicWeights!$B$41/F$5,0) -> 0 | G48: =IF(G$2=$A48,G$3*AtomicWeights!$B$41/G$5,0) -> 0 | H48: =IF(H$2=$A48,H$3*AtomicWeights!$B$41/H$5,0) -> 0 | I48: =IF(I$2=$A48,I$3*AtomicWeights!$B$41/I$5,0) -> 0 | J48: =IF(J$2=$A48,J$3*AtomicWeights!$B$41/J$5,0) -> 0 | ... BB48: =IF(BB$2=$A48,BB$3*AtomicWeights!$B$41/BB$5,0) -> 0
A49: Eu | B49: =AtomicWeights!$C$42 -> yes | C49: =IF(C$2=$A49,C$3*AtomicWeights!$B$42/C$5,0) -> 0 | D49: =IF(D$2=$A49,D$3*AtomicWeights!$B$42/D$5,0) -> 0 | E49: =IF(E$2=$A49,E$3*AtomicWeights!$B$42/E$5,0) -> 0 | F49: =IF(F$2=$A49,F$3*AtomicWeights!$B$42/F$5,0) -> 0 | G49: =IF(G$2=$A49,G$3*AtomicWeights!$B$42/G$5,0) -> 0 | H49: =IF(H$2=$A49,H$3*AtomicWeights!$B$42/H$5,0) -> 0 | I49: =IF(I$2=$A49,I$3*AtomicWeights!$B$42/I$5,0) -> 0 | J49: =IF(J$2=$A49,J$3*AtomicWeights!$B$42/J$5,0) -> 0 | ... BB49: =IF(BB$2=$A49,BB$3*AtomicWeights!$B$42/BB$5,0) -> 0
A50: Gd | B50: =AtomicWeights!$C$43 -> yes | C50: =IF(C$2=$A50,C$3*AtomicWeights!$B$43/C$5,0) -> 0 | D50: =IF(D$2=$A50,D$3*AtomicWeights!$B$43/D$5,0) -> 0 | E50: =IF(E$2=$A50,E$3*AtomicWeights!$B$43/E$5,0) -> 0 | F50: =IF(F$2=$A50,F$3*AtomicWeights!$B$43/F$5,0) -> 0 | G50: =IF(G$2=$A50,G$3*AtomicWeights!$B$43/G$5,0) -> 0 | H50: =IF(H$2=$A50,H$3*AtomicWeights!$B$43/H$5,0) -> 0 | I50: =IF(I$2=$A50,I$3*AtomicWeights!$B$43/I$5,0) -> 0 | J50: =IF(J$2=$A50,J$3*AtomicWeights!$B$43/J$5,0) -> 0 | ... BB50: =IF(BB$2=$A50,BB$3*AtomicWeights!$B$43/BB$5,0) -> 0
A51: Tb | B51: =AtomicWeights!$C$44 -> yes | C51: =IF(C$2=$A51,C$3*AtomicWeights!$B$44/C$5,0) -> 0 | D51: =IF(D$2=$A51,D$3*AtomicWeights!$B$44/D$5,0) -> 0 | E51: =IF(E$2=$A51,E$3*AtomicWeights!$B$44/E$5,0) -> 0 | F51: =IF(F$2=$A51,F$3*AtomicWeights!$B$44/F$5,0) -> 0 | G51: =IF(G$2=$A51,G$3*AtomicWeights!$B$44/G$5,0) -> 0 | H51: =IF(H$2=$A51,H$3*AtomicWeights!$B$44/H$5,0) -> 0 | I51: =IF(I$2=$A51,I$3*AtomicWeights!$B$44/I$5,0) -> 0 | J51: =IF(J$2=$A51,J$3*AtomicWeights!$B$44/J$5,0) -> 0 | ... BB51: =IF(BB$2=$A51,BB$3*AtomicWeights!$B$44/BB$5,0) -> 0
A52: Dy | B52: =AtomicWeights!$C$45 -> yes | C52: =IF(C$2=$A52,C$3*AtomicWeights!$B$45/C$5,0) -> 0 | D52: =IF(D$2=$A52,D$3*AtomicWeights!$B$45/D$5,0) -> 0 | E52: =IF(E$2=$A52,E$3*AtomicWeights!$B$45/E$5,0) -> 0 | F52: =IF(F$2=$A52,F$3*AtomicWeights!$B$45/F$5,0) -> 0 | G52: =IF(G$2=$A52,G$3*AtomicWeights!$B$45/G$5,0) -> 0 | H52: =IF(H$2=$A52,H$3*AtomicWeights!$B$45/H$5,0) -> 0 | I52: =IF(I$2=$A52,I$3*AtomicWeights!$B$45/I$5,0) -> 0 | J52: =IF(J$2=$A52,J$3*AtomicWeights!$B$45/J$5,0) -> 0 | ... BB52: =IF(BB$2=$A52,BB$3*AtomicWeights!$B$45/BB$5,0) -> 0
A53: Ho | B53: =AtomicWeights!$C$46 -> yes | C53: =IF(C$2=$A53,C$3*AtomicWeights!$B$46/C$5,0) -> 0 | D53: =IF(D$2=$A53,D$3*AtomicWeights!$B$46/D$5,0) -> 0 | E53: =IF(E$2=$A53,E$3*AtomicWeights!$B$46/E$5,0) -> 0 | F53: =IF(F$2=$A53,F$3*AtomicWeights!$B$46/F$5,0) -> 0 | G53: =IF(G$2=$A53,G$3*AtomicWeights!$B$46/G$5,0) -> 0 | H53: =IF(H$2=$A53,H$3*AtomicWeights!$B$46/H$5,0) -> 0 | I53: =IF(I$2=$A53,I$3*AtomicWeights!$B$46/I$5,0) -> 0 | J53: =IF(J$2=$A53,J$3*AtomicWeights!$B$46/J$5,0) -> 0 | ... BB53: =IF(BB$2=$A53,BB$3*AtomicWeights!$B$46/BB$5,0) -> 0
A54: Er | B54: =AtomicWeights!$C$47 -> yes | C54: =IF(C$2=$A54,C$3*AtomicWeights!$B$47/C$5,0) -> 0 | D54: =IF(D$2=$A54,D$3*AtomicWeights!$B$47/D$5,0) -> 0 | E54: =IF(E$2=$A54,E$3*AtomicWeights!$B$47/E$5,0) -> 0 | F54: =IF(F$2=$A54,F$3*AtomicWeights!$B$47/F$5,0) -> 0 | G54: =IF(G$2=$A54,G$3*AtomicWeights!$B$47/G$5,0) -> 0 | H54: =IF(H$2=$A54,H$3*AtomicWeights!$B$47/H$5,0) -> 0 | I54: =IF(I$2=$A54,I$3*AtomicWeights!$B$47/I$5,0) -> 0 | J54: =IF(J$2=$A54,J$3*AtomicWeights!$B$47/J$5,0) -> 0 | ... BB54: =IF(BB$2=$A54,BB$3*AtomicWeights!$B$47/BB$5,0) -> 0
A55: Tm | B55: =AtomicWeights!$C$48 -> yes | C55: =IF(C$2=$A55,C$3*AtomicWeights!$B$48/C$5,0) -> 0 | D55: =IF(D$2=$A55,D$3*AtomicWeights!$B$48/D$5,0) -> 0 | E55: =IF(E$2=$A55,E$3*AtomicWeights!$B$48/E$5,0) -> 0 | F55: =IF(F$2=$A55,F$3*AtomicWeights!$B$48/F$5,0) -> 0 | G55: =IF(G$2=$A55,G$3*AtomicWeights!$B$48/G$5,0) -> 0 | H55: =IF(H$2=$A55,H$3*AtomicWeights!$B$48/H$5,0) -> 0 | I55: =IF(I$2=$A55,I$3*AtomicWeights!$B$48/I$5,0) -> 0 | J55: =IF(J$2=$A55,J$3*AtomicWeights!$B$48/J$5,0) -> 0 | ... BB55: =IF(BB$2=$A55,BB$3*AtomicWeights!$B$48/BB$5,0) -> 0
A56: Yb | B56: =AtomicWeights!$C$49 -> yes | C56: =IF(C$2=$A56,C$3*AtomicWeights!$B$49/C$5,0) -> 0 | D56: =IF(D$2=$A56,D$3*AtomicWeights!$B$49/D$5,0) -> 0 | E56: =IF(E$2=$A56,E$3*AtomicWeights!$B$49/E$5,0) -> 0 | F56: =IF(F$2=$A56,F$3*AtomicWeights!$B$49/F$5,0) -> 0 | G56: =IF(G$2=$A56,G$3*AtomicWeights!$B$49/G$5,0) -> 0 | H56: =IF(H$2=$A56,H$3*AtomicWeights!$B$49/H$5,0) -> 0 | I56: =IF(I$2=$A56,I$3*AtomicWeights!$B$49/I$5,0) -> 0 | J56: =IF(J$2=$A56,J$3*AtomicWeights!$B$49/J$5,0) -> 0 | ... BB56: =IF(BB$2=$A56,BB$3*AtomicWeights!$B$49/BB$5,0) -> 0
A57: Lu | B57: =AtomicWeights!$C$50 -> yes | C57: =IF(C$2=$A57,C$3*AtomicWeights!$B$50/C$5,0) -> 0 | D57: =IF(D$2=$A57,D$3*AtomicWeights!$B$50/D$5,0) -> 0 | E57: =IF(E$2=$A57,E$3*AtomicWeights!$B$50/E$5,0) -> 0 | F57: =IF(F$2=$A57,F$3*AtomicWeights!$B$50/F$5,0) -> 0 | G57: =IF(G$2=$A57,G$3*AtomicWeights!$B$50/G$5,0) -> 0 | H57: =IF(H$2=$A57,H$3*AtomicWeights!$B$50/H$5,0) -> 0 | I57: =IF(I$2=$A57,I$3*AtomicWeights!$B$50/I$5,0) -> 0 | J57: =IF(J$2=$A57,J$3*AtomicWeights!$B$50/J$5,0) -> 0 | ... BB57: =IF(BB$2=$A57,BB$3*AtomicWeights!$B$50/BB$5,0) -> 0
A58: Bi | B58: =AtomicWeights!$C$51 -> yes | C58: =IF(C$2=$A58,C$3*AtomicWeights!$B$51/C$5,0) -> 0 | D58: =IF(D$2=$A58,D$3*AtomicWeights!$B$51/D$5,0) -> 0 | E58: =IF(E$2=$A58,E$3*AtomicWeights!$B$51/E$5,0) -> 0 | F58: =IF(F$2=$A58,F$3*AtomicWeights!$B$51/F$5,0) -> 0 | G58: =IF(G$2=$A58,G$3*AtomicWeights!$B$51/G$5,0) -> 0 | H58: =IF(H$2=$A58,H$3*AtomicWeights!$B$51/H$5,0) -> 0 | I58: =IF(I$2=$A58,I$3*AtomicWeights!$B$51/I$5,0) -> 0 | J58: =IF(J$2=$A58,J$3*AtomicWeights!$B$51/J$5,0) -> 0 | ... BB58: =IF(BB$2=$A58,BB$3*AtomicWeights!$B$51/BB$5,0) -> 0.89699282
A60: Mass fraction of each element in each oxide/species (element wt% = SUMPRODUCT(oxide wt% row, element factor row)). The O row carries the negative O≡F,Cl correction for the halogen columns.

Sheet Oxides_typical
A1: Mineral | B1: Ideal formula | C1: SiO2 | D1: TiO2 | E1: ZrO2 | F1: HfO2 | G1: SnO2 | H1: Al2O3 | I1: Fe2O3 | J1: FeO | K1: MnO | L1: ZnO | M1: Cu2O | N1: MgO | O1: CaO | P1: SrO | Q1: BaO | R1: PbO | S1: Na2O | T1: K2O | U1: Li2O | V1: B2O3 | W1: BeO | X1: Nb2O5 | Y1: Ta2O5 | Z1: WO3 | AA1: P2O5 | AB1: As2O5 | AC1: SO3 | AD1: CO2 | AE1: H2O | AF1: F | AG1: Cl | AH1: S (sulfide) | AI1: ThO2 | AJ1: UO2 | AK1: Sc2O3 | AL1: Y2O3 | AM1: La2O3 | AN1: Ce2O3 | AO1: CeO2 | AP1: Pr2O3 | AQ1: Nd2O3 | AR1: Sm2O3 | AS1: Eu2O3 | AT1: Gd2O3 | AU1: Tb2O3 | AV1: Dy2O3 | AW1: Ho2O3 | AX1: Er2O3 | AY1: Tm2O3 | AZ1: Yb2O3 | BA1: Lu2O3 | BB1: Bi2O3 | BC1: Sum of oxides | BD1: − O≡F,Cl,S | BE1: Total (wt%)
A2: Monazite-(Ce) | B2: (Ce,La,Nd,Th)PO4 | C2: 0.4 | H2: 0.02 | J2: 0 | O2: 1 | P2: 0 | R2: 0.098 | AA2: 27.4 | AC2: 0 | AI2: 11.6 | AJ2: 0.385 | AL2: 0 | AM2: 21.7 | AN2: 28.7 | AP2: 1.84 | AQ2: 6 | AR2: 0.6 | AS2: 0 | AT2: 0.09 | AU2: 0 | AV2: 0.2 | AW2: 0.05 | AX2: 0 | AY2: 0 | AZ2: 0 | BA2: 0 | BC2: =SUM(C2:BB2) -> 100.083 | BD2: =AG2*Factors!AG$6+AF2*Factors!AF$6+AH2*Factors!AH$6 -> 0 | BE2: =BC2+BD2 -> 100.083
A3: Bastnäsite-(Ce) | B3: (Ce,La)(CO3)F | C3: 0 | J3: 0 | O3: 0.3 | P3: 0 | Q3: 0 | AA3: 0 | AD3: 20.07 | AE3: 0 | AF3: 8.67 | AI3: 0.15 | AJ3: 0 | AL3: 0.15 | AM3: 24.52 | AN3: 36.68 | AP3: 3.38 | AQ3: 9.21 | AR3: 0.64 | AS3: 0.08 | AT3: 0.25 | AV3: 0 | BC3: =SUM(C3:BB3) -> 104.1 | BD3: =AG3*Factors!AG$6+AF3*Factors!AF$6+AH3*Factors!AH$6 -> -3.650605 | BE3: =BC3+BD3 -> 100.4494
A4: Xenotime-(Y) | B4: YPO4 | C4: 0.1 | H4: 0 | J4: 0 | O4: 0.07 | R4: 0 | AA4: 33.89 | AI4: 0.38 | AJ4: 0.96 | AL4: 46.49 | AM4: 0 | AN4: 0 | AP4: 0 | AQ4: 0 | AR4: 0 | AS4: 0.04 | AT4: 1.89 | AU4: 0.6 | AV4: 5.15 | AW4: 1.06 | AX4: 3.86 | AY4: 0 | AZ4: 4.1 | BA4: 0.52 | BC4: =SUM(C4:BB4) -> 99.11 | BD4: =AG4*Factors!AG$6+AF4*Factors!AF$6+AH4*Factors!AH$6 -> 0 | BE4: =BC4+BD4 -> 99.11
A5: Parisite-(Ce) | B5: CaCe2(CO3)3F2 | C5: 0 | J5: 0 | O5: 10.7 | P5: 0 | Q5: 0 | S5: 0 | AD5: 24.58 | AF5: 5.34 | AI5: 0 | AJ5: 0 | AL5: 0 | AM5: 15.1 | AN5: 28.87 | AP5: 3 | AQ5: 11.65 | AR5: 1.46 | AS5: 0.2 | AT5: 0 | AV5: 0 | BC5: =SUM(C5:BB5) -> 100.9 | BD5: =AG5*Factors!AG$6+AF5*Factors!AF$6+AH5*Factors!AH$6 -> -2.2484695 | BE5: =BC5+BD5 -> 98.651531
A6: Synchysite-(Ce) | B6: CaCe(CO3)2F | C6: 0.14 | J6: 0 | O6: 18.14 | P6: 0 | AD6: 27.95 | AF6: 5.73 | AI6: 0 | AJ6: 0 | AL6: 0.45 | AM6: 9.96 | AN6: 22.34 | AP6: 2.27 | AQ6: 12.73 | AR6: 1.79 | AS6: 0 | AT6: 1.27 | AV6: 0 | BC6: =SUM(C6:BB6) -> 102.77 | BD6: =AG6*Factors!AG$6+AF6*Factors!AF$6+AH6*Factors!AH$6 -> -2.4126836 | BE6: =BC6+BD6 -> 100.35732
A7: Allanite-(Ce) | B7: CaCe(Al2Fe2+)(Si2O7)(SiO4)O(OH) | C7: 29.79 | D7: 0.02 | H7: 12.75 | I7: 10.64 | J7: 9.02 | K7: 0.85 | N7: 0.64 | O7: 10.1 | S7: 0 | AA7: 0 | AE7: 1.74 | AF7: 0 | AI7: 0 | AJ7: 0 | AL7: 0.04 | AM7: 7.2 | AN7: 12.8 | AP7: 1 | AQ7: 3.1 | AR7: 0.6 | AS7: 0 | AT7: 0.06 | AU7: 0 | AV7: 0 | AW7: 0 | AX7: 0.02 | AY7: 0 | AZ7: 0 | BA7: 0 | BC7: =SUM(C7:BB7) -> 100.37 | BD7: =AG7*Factors!AG$6+AF7*Factors!AF$6+AH7*Factors!AH$6 -> 0 | BE7: =BC7+BD7 -> 100.37
A8: Fluorapatite (REE-bearing) | B8: Ca5(PO4)3F | C8: 0.47 | J8: 0.1 | K8: 0.06 | O8: 53.59 | P8: 0.31 | S8: 0.15 | AA8: 41.09 | AC8: 0.08 | AD8: 0 | AE8: 0.05 | AF8: 3.54 | AG8: 0.14 | AI8: 0 | AJ8: 0 | AL8: 0.16 | AM8: 0.42 | AN8: 0.81 | AP8: 0.1 | AQ8: 0.33 | AR8: 0.07 | AS8: 0 | AT8: 0.05 | AV8: 0.03 | AX8: 0 | AZ8: 0 | BC8: =SUM(C8:BB8) -> 101.55 | BD8: =AG8*Factors!AG$6+AF8*Factors!AF$6+AH8*Factors!AH$6 -> -1.5221502 | BE8: =BC8+BD8 -> 100.02785
A9: Florencite-(Ce) | B9: CeAl3(PO4)2(OH)6 | C9: 0 | H9: 29.6 | I9: 0 | O9: 0.47 | P9: 0 | Q9: 0 | AA9: 27.4 | AC9: 0 | AE9: 10.46 | AF9: 0 | AI9: 0 | AL9: 0 | AM9: 8.68 | AN9: 17.79 | AP9: 0 | AQ9: 3.78 | AR9: 1.48 | AS9: 0 | AT9: 0 | AV9: 0 | BC9: =SUM(C9:BB9) -> 99.66 | BD9: =AG9*Factors!AG$6+AF9*Factors!AF$6+AH9*Factors!AH$6 -> 0 | BE9: =BC9+BD9 -> 99.66
A10: Cerianite-(Ce) | B10: (Ce4+,Th)O2 | C10: 0.3 | E10: 0 | J10: 0.4 | O10: 0.8 | X10: 0 | Y10: 0 | AA10: 0 | AE10: 0.5 | AI10: 4 | AL10: 0.5 | AM10: 1.5 | AO10: 90 | AP10: 0.3 | AQ10: 1.5 | AZ10: 0 | BC10: =SUM(C10:BB10) -> 99.8 | BD10: =AG10*Factors!AG$6+AF10*Factors!AF$6+AH10*Factors!AH$6 -> 0 | BE10: =BC10+BD10 -> 99.8
A11: Pyrochlore (REE-bearing, carbonatite) | B11: (Na,Ca)2Nb2O6(OH,F) | C11: 0 | D11: 3.63 | E11: 3.24 | H11: 0 | J11: 1.14 | K11: 0.09 | N11: 0.01 | O11: 16.7 | P11: 0.34 | Q11: 0 | R11: 0.24 | S11: 5.22 | T11: 0 | X11: 60.6 | Y11: 0.06 | AE11: 0 | AF11: 3.8 | AI11: 1.08 | AJ11: 0.1 | AL11: 0.24 | AM11: 0.6 | AN11: 1.85 | AP11: 0.17 | AQ11: 0.58 | AR11: 0.1 | BC11: =SUM(C11:BB11) -> 99.79 | BD11: =AG11*Factors!AG$6+AF11*Factors!AF$6+AH11*Factors!AH$6 -> -1.6000345 | BE11: =BC11+BD11 -> 98.189966
A12: Ancylite-(Ce) | B12: SrCe(CO3)2(OH)·H2O | J12: 0.19 | O12: 1.35 | P12: 23.97 | Q12: 0 | AD12: 23.44 | AE12: 7.06 | AF12: 0 | AI12: 0.53 | AL12: 0 | AM12: 13.08 | AN12: 23.4 | AP12: 1.94 | AQ12: 5.35 | AR12: 0.29 | AT12: 0.14 | BC12: =SUM(C12:BB12) -> 100.74 | BD12: =AG12*Factors!AG$6+AF12*Factors!AF$6+AH12*Factors!AH$6 -> 0 | BE12: =BC12+BD12 -> 100.74
A13: Ion-adsorption REE clay ore (HREE type) | B13: Quartz + kaolinite/halloysite + residual K-feldspar/mica, REE3+ adsorbed on clays | C13: 60.8 | D13: 0.06 | H13: 24.3 | I13: 0.76 | K13: 0.12 | N13: 0.05 | O13: 0.06 | S13: 0.14 | T13: 5.82 | AA13: 0.01 | AE13: 7.5 | AL13: 0.098 | AM13: 0.0027 | AN13: 0.0006 | AP13: 0.001 | AQ13: 0.0045 | AR13: 0.0042 | AS13: 0.00015 | AT13: 0.0104 | AU13: 0.002 | AV13: 0.0101 | AW13: 0.0024 | AX13: 0.0074 | AY13: 0.0011 | AZ13: 0.0038 | BA13: 0.0006 | BC13: =SUM(C13:BB13) -> 99.76895 | BD13: =AG13*Factors!AG$6+AF13*Factors!AF$6+AH13*Factors!AH$6 -> 0 | BE13: =BC13+BD13 -> 99.76895
A14: Britholite-(Ce) | B14: (Ce,Ca)5(SiO4,PO4)3(OH,F) | C14: 19.1 | H14: 0 | J14: 0.18 | K14: 0 | O14: 14.62 | P14: 0.4 | S14: 0.2 | AA14: 4.51 | AE14: 0.46 | AF14: 1.45 | AG14: 0 | AI14: 3.36 | AJ14: 0.17 | AL14: 1.15 | AM14: 12.84 | AN14: 27.55 | AP14: 2.52 | AQ14: 9.63 | AR14: 1.33 | AS14: 0 | AT14: 0.92 | AV14: 0.24 | AX14: 0 | AZ14: 0 | BC14: =SUM(C14:BB14) -> 100.63 | BD14: =AG14*Factors!AG$6+AF14*Factors!AF$6+AH14*Factors!AH$6 -> -0.61053947 | BE14: =BC14+BD14 -> 100.01946
A15: Churchite-(Y) | B15: YPO4·2H2O | C15: 0 | H15: 0 | I15: 0 | O15: 0.73 | AA15: 30.59 | AE15: 15.53 | AL15: 37.96 | AM15: 0.35 | AN15: 0.71 | AP15: 0 | AQ15: 1.45 | AR15: 0.75 | AS15: 0.15 | AT15: 2.34 | AU15: 0.39 | AV15: 3.22 | AW15: 0.81 | AX15: 2.47 | AY15: 0.42 | AZ15: 1.7 | BA15: 0.43 | BC15: =SUM(C15:BB15) -> 100 | BD15: =AG15*Factors!AG$6+AF15*Factors!AF$6+AH15*Factors!AH$6 -> 0 | BE15: =BC15+BD15 -> 100
A16: Rhabdophane-(Ce) | B16: (Ce,La)PO4·H2O | C16: 0 | H16: 0 | I16: 0 | O16: 0.78 | P16: 0 | R16: 0 | AA16: 28.04 | AE16: 7.12 | AI16: 3.65 | AJ16: 0 | AL16: 0.45 | AM16: 14.16 | AN16: 30.48 | AP16: 3.26 | AQ16: 9.97 | AR16: 1.38 | AS16: 0 | AT16: 0.72 | AU16: 0 | AV16: 0 | AW16: 0 | AX16: 0 | AY16: 0 | AZ16: 0 | BA16: 0 | BC16: =SUM(C16:BB16) -> 100.01 | BD16: =AG16*Factors!AG$6+AF16*Factors!AF$6+AH16*Factors!AH$6 -> 0 | BE16: =BC16+BD16 -> 100.01
A17: Fluocerite-(Ce) | B17: CeF3 | C17: 0 | I17: 0 | O17: 0 | AF17: 28.92 | AI17: 0 | AL17: 0 | AM17: 23.14 | AN17: 45.8 | AP17: 3.77 | AQ17: 9.39 | AR17: 0.88 | AS17: 0 | AT17: 0.28 | BC17: =SUM(C17:BB17) -> 112.18 | BD17: =AG17*Factors!AG$6+AF17*Factors!AF$6+AH17*Factors!AH$6 -> -12.177104 | BE17: =BC17+BD17 -> 100.0029
A18: Cerite-(Ce) | B18: (Ce,La,Ca)9(Mg,Fe3+)(SiO4)3(SiO3OH)4(OH)3 | C18: 22.24 | D18: 0.08 | H18: 1.14 | I18: 0.92 | K18: 0.2 | N18: 1.9 | O18: 4.48 | P18: 0 | Q18: 0.45 | S18: 0.24 | T18: 0.16 | AA18: 0 | AC18: 0.14 | AE18: 2.89 | AF18: 0.07 | AI18: 0 | AL18: 0 | AM18: 20.31 | AN18: 35.05 | AP18: 2.46 | AQ18: 6.73 | AR18: 0.54 | AS18: 0 | AT18: 0 | AU18: 0 | AV18: 0 | AX18: 0 | AZ18: 0 | BC18: =SUM(C18:BB18) -> 100 | BD18: =AG18*Factors!AG$6+AF18*Factors!AF$6+AH18*Factors!AH$6 -> -0.029474319 | BE18: =BC18+BD18 -> 99.970526
A19: Eudialyte (REE-bearing) | B19: Na15Ca6(Fe2+,Mn2+)3Zr3Si(Si25O73)(O,OH,H2O)3(Cl,OH)2 | C19: 49.95 | D19: 0.6 | E19: 13.53 | F19: 0.29 | H19: 0 | I19: 0 | J19: 3.89 | K19: 1.99 | N19: 0 | O19: 7.3 | P19: 1.35 | Q19: 0.11 | S19: 16.18 | T19: 0.38 | X19: 0.75 | AC19: 0.26 | AE19: 1 | AF19: 0 | AG19: 1.4 | AI19: 0 | AJ19: 0 | AL19: 0.63 | AM19: 0.34 | AN19: 0.57 | AP19: 0.15 | AQ19: 0.37 | AR19: 0.092 | AS19: 0.026 | AT19: 0.078 | AU19: 0.02 | AV19: 0.103 | AW19: 0.021 | AX19: 0.055 | AY19: 0.008 | AZ19: 0.05 | BA19: 0.006 | BC19: =SUM(C19:BB19) -> 101.499 | BD19: =AG19*Factors!AG$6+AF19*Factors!AF$6+AH19*Factors!AH$6 -> -0.31591819 | BE19: =BC19+BD19 -> 101.18308
A20: Gadolinite-(Y) | B20: Y2Fe2+Be2Si2O10 | C20: 23.36 | I20: 0 | J20: 12.08 | K20: 0 | N20: 0 | O20: 0.03 | S20: 0 | W20: 9.71 | AE20: 0.46 | AI20: 0 | AJ20: 0 | AL20: 28.55 | AM20: 0.21 | AN20: 2.54 | AP20: 1.2 | AQ20: 4.55 | AR20: 2.82 | AS20: 0.6 | AT20: 2.93 | AU20: 1.1 | AV20: 4.06 | AW20: 1.98 | AX20: 1.54 | AY20: 0.2 | AZ20: 0.58 | BA20: 0 | BC20: =SUM(C20:BB20) -> 98.5 | BD20: =AG20*Factors!AG$6+AF20*Factors!AF$6+AH20*Factors!AH$6 -> 0 | BE20: =BC20+BD20 -> 98.5
A21: Zircon (HREE-bearing) | B21: ZrSiO4 (+ xenotime-type (Y,HREE)3+ + P5+ = Zr4+ + Si4+) | C21: 26.49 | E21: 49.81 | F21: 1.83 | H21: 0.11 | J21: 0.01 | K21: 0.03 | O21: 0.4 | R21: 0.87 | S21: 0 | X21: 0 | AA21: 5.46 | AB21: 0.05 | AE21: 0 | AF21: 0.28 | AI21: 0.92 | AJ21: 3.09 | AK21: 0.42 | AL21: 5.47 | AM21: 0.02 | AN21: 0.36 | AP21: 0.02 | AQ21: 0.02 | AR21: 0.11 | AS21: 0 | AT21: 0.35 | AU21: 0 | AV21: 0.81 | AW21: 0 | AX21: 0.5 | AY21: 0 | AZ21: 0.78 | BA21: 0 | BB21: 0.12 | BC21: =SUM(C21:BB21) -> 98.33 | BD21: =AG21*Factors!AG$6+AF21*Factors!AF$6+AH21*Factors!AH$6 -> -0.11789728 | BE21: =BC21+BD21 -> 98.212103
A22: Aeschynite-(Ce) | B22: (Ce,Ca,Fe,Th)(Ti,Nb)2(O,OH)6 | C22: 0.14 | D22: 32.54 | E22: 1.9 | G22: 0 | I22: 6.22 | J22: 0 | K22: 0 | O22: 1.55 | X22: 10.85 | Y22: 0.08 | AE22: 2.64 | AF22: 0.34 | AI22: 0 | AJ22: 0 | AL22: 2.9 | AM22: 5.4 | AN22: 16.94 | AP22: 2.27 | AQ22: 8.83 | AR22: 1.86 | AS22: 1.27 | AT22: 1.75 | AV22: 0.84 | AX22: 0 | AZ22: 0 | BC22: =SUM(C22:BB22) -> 98.32 | BD22: =AG22*Factors!AG$6+AF22*Factors!AF$6+AH22*Factors!AH$6 -> -0.14316098 | BE22: =BC22+BD22 -> 98.176839
A23: Euxenite-(Y) | B23: (Y,Ca,Ce,U,Th)(Nb,Ta,Ti)2O6 | C23: 0 | D23: 20.7 | E23: 0 | G23: 0.14 | H23: 0 | I23: 0 | J23: 0.23 | K23: 0.23 | N23: 0 | O23: 1.09 | R23: 0 | S23: 0 | T23: 0 | X23: 32.09 | Y23: 10.05 | Z23: 0.1 | AE23: 0 | AI23: 0.65 | AJ23: 4.47 | AK23: 0.05 | AL23: 19.89 | AM23: 0 | AN23: 0.12 | AP23: 0 | AQ23: 0.47 | AR23: 1.02 | AS23: 0.47 | AT23: 1.68 | AU23: 0.36 | AV23: 1.93 | AW23: 0.42 | AX23: 1.01 | AY23: 0.39 | AZ23: 1.07 | BA23: 0.16 | BC23: =SUM(C23:BB23) -> 98.79 | BD23: =AG23*Factors!AG$6+AF23*Factors!AF$6+AH23*Factors!AH$6 -> 0 | BE23: =BC23+BD23 -> 98.79
A24: Fergusonite-(Y) | B24: YNbO4 | C24: 0 | D24: 0.97 | G24: 0 | J24: 0 | O24: 0.82 | X24: 44.42 | Y24: 0 | Z24: 0 | AE24: 0 | AI24: 4.06 | AJ24: 2.39 | AL24: 27.49 | AM24: 0.11 | AN24: 0.94 | AP24: 0.15 | AQ24: 1.82 | AR24: 1.17 | AS24: 0.03 | AT24: 2.21 | AU24: 0.55 | AV24: 4.59 | AW24: 1.02 | AX24: 3.21 | AY24: 0.59 | AZ24: 3.53 | BA24: 0.1 | BC24: =SUM(C24:BB24) -> 100.17 | BD24: =AG24*Factors!AG$6+AF24*Factors!AF$6+AH24*Factors!AH$6 -> 0 | BE24: =BC24+BD24 -> 100.17
A25: Loparite-(Ce) | B25: (Na,Ce,Sr)(Ce,Th)(Ti,Nb)2O6 | C25: 0 | D25: 39.47 | E25: 0 | H25: 0 | I25: 0 | J25: 0.18 | O25: 4.47 | P25: 3.4 | S25: 7.45 | T25: 0 | X25: 9.46 | Y25: 0.63 | AF25: 0 | AI25: 0.81 | AJ25: 0 | AM25: 8.78 | AN25: 17.61 | AP25: 1.63 | AQ25: 5.05 | AR25: 0 | BC25: =SUM(C25:BB25) -> 98.94 | BD25: =AG25*Factors!AG$6+AF25*Factors!AF$6+AH25*Factors!AH$6 -> 0 | BE25: =BC25+BD25 -> 98.94
A26: Samarskite-(Y) | B26: YFe3+Nb2O8 | C26: 0 | D26: 4.05 | E26: 0 | G26: 1.05 | H26: 0 | I26: 6.06 | J26: 3.86 | K26: 1.15 | N26: 0.1 | O26: 0.28 | R26: 0 | S26: 0 | T26: 0 | X26: 36.03 | Y26: 13.13 | Z26: 1.81 | AE26: 0 | AI26: 1.59 | AJ26: 15.81 | AK26: 0.66 | AL26: 8.95 | AM26: 0 | AN26: 0 | AP26: 0 | AQ26: 1.12 | AR26: 0.67 | AS26: 0 | AT26: 0.98 | AU26: 0 | AV26: 0.96 | AW26: 0 | AX26: 0 | AY26: 0 | AZ26: 1.07 | BA26: 0 | BC26: =SUM(C26:BB26) -> 99.33 | BD26: =AG26*Factors!AG$6+AF26*Factors!AF$6+AH26*Factors!AH$6 -> 0 | BE26: =BC26+BD26 -> 99.33
A27: Albite | B27: NaAlSi3O8 | C27: 68.71 | H27: 19.63 | O27: 0.22 | S27: 11.72 | T27: 0.03 | BC27: =SUM(C27:BB27) -> 100.31 | BD27: =AG27*Factors!AG$6+AF27*Factors!AF$6+AH27*Factors!AH$6 -> 0 | BE27: =BC27+BD27 -> 100.31
A28: Zircon | B28: ZrSiO4 | C28: 32.86 | E28: 66.72 | F28: 1.15 | AI28: 0.01 | AJ28: 0.03 | BC28: =SUM(C28:BB28) -> 100.77 | BD28: =AG28*Factors!AG$6+AF28*Factors!AF$6+AH28*Factors!AH$6 -> 0 | BE28: =BC28+BD28 -> 100.77
A29: Muscovite | B29: KAl2(Si3Al)O10(OH)2 | C29: 45.87 | H29: 38.69 | N29: 0.1 | S29: 0.64 | T29: 10.08 | AE29: 4.67 | BC29: =SUM(C29:BB29) -> 100.05 | BD29: =AG29*Factors!AG$6+AF29*Factors!AF$6+AH29*Factors!AH$6 -> 0 | BE29: =BC29+BD29 -> 100.05
A30: Quartz | B30: SiO2 | C30: 100 | BC30: =SUM(C30:BB30) -> 100 | BD30: =AG30*Factors!AG$6+AF30*Factors!AF$6+AH30*Factors!AH$6 -> 0 | BE30: =BC30+BD30 -> 100
A31: Aegirine | B31: NaFe3+Si2O6 | C31: 51.35 | D31: 1.1 | H31: 2.15 | I31: 28.66 | J31: 2.24 | N31: 0.1 | O31: 1.25 | S31: 12.66 | T31: 0.15 | AE31: 0.29 | BC31: =SUM(C31:BB31) -> 99.95 | BD31: =AG31*Factors!AG$6+AF31*Factors!AF$6+AH31*Factors!AH$6 -> 0 | BE31: =BC31+BD31 -> 99.95
A32: Pachnolite | B32: NaCaAlF6·H2O | H32: 22.96 | O32: 25.26 | S32: 13.95 | AE32: 8.11 | AF32: 51.34 | BC32: =SUM(C32:BB32) -> 121.62 | BD32: =AG32*Factors!AG$6+AF32*Factors!AF$6+AH32*Factors!AH$6 -> -21.617308 | BE32: =BC32+BD32 -> 100.00269
A33: Orthoclase | B33: KAlSi3O8 | C33: 65.39 | H33: 18.45 | Q33: 0.02 | S33: 1.08 | T33: 14.76 | BC33: =SUM(C33:BB33) -> 99.7 | BD33: =AG33*Factors!AG$6+AF33*Factors!AF$6+AH33*Factors!AH$6 -> 0 | BE33: =BC33+BD33 -> 99.7
A34: Hematite | B34: α-Fe2O3 | I34: 98.14 | J34: 1.29 | K34: 0.87 | BC34: =SUM(C34:BB34) -> 100.3 | BD34: =AG34*Factors!AG$6+AF34*Factors!AF$6+AH34*Factors!AH$6 -> 0 | BE34: =BC34+BD34 -> 100.3
A35: Magnetite | B35: Fe2+Fe3+2O4 | C35: 0.27 | H35: 0.21 | I35: 68.85 | J35: 30.78 | BC35: =SUM(C35:BB35) -> 100.11 | BD35: =AG35*Factors!AG$6+AF35*Factors!AF$6+AH35*Factors!AH$6 -> 0 | BE35: =BC35+BD35 -> 100.11
A36: Thorite | B36: (Th,U)SiO4 | C36: 16.47 | D36: 0.1 | H36: 1.29 | J36: 0.59 | N36: 0.01 | R36: 0.1 | AE36: 0.86 | AI36: 71.61 | AJ36: 8.36 | AN36: 0.54 | BC36: =SUM(C36:BB36) -> 99.93 | BD36: =AG36*Factors!AG$6+AF36*Factors!AF$6+AH36*Factors!AH$6 -> 0 | BE36: =BC36+BD36 -> 99.93
A37: Cryolite | B37: Na3AlF6 | H37: 24.58 | S37: 43.69 | AF37: 54.28 | BC37: =SUM(C37:BB37) -> 122.55 | BD37: =AG37*Factors!AG$6+AF37*Factors!AF$6+AH37*Factors!AH$6 -> -22.855229 | BE37: =BC37+BD37 -> 99.694771
A38: Cassiterite | B38: SnO2 | C38: 0.18 | D38: 0.01 | G38: 99.26 | J38: 0.11 | X38: 0.03 | Y38: 0.01 | Z38: 0.01 | BC38: =SUM(C38:BB38) -> 99.61 | BD38: =AG38*Factors!AG$6+AF38*Factors!AF$6+AH38*Factors!AH$6 -> 0 | BE38: =BC38+BD38 -> 99.61
A39: Nepheline | B39: (Na,K)AlSiO4 | C39: 43.55 | H39: 34.66 | N39: 0.05 | O39: 4.44 | S39: 12.09 | T39: 4.87 | AE39: 0.5 | BC39: =SUM(C39:BB39) -> 100.16 | BD39: =AG39*Factors!AG$6+AF39*Factors!AF$6+AH39*Factors!AH$6 -> 0 | BE39: =BC39+BD39 -> 100.16
A40: Hendricksite (Zn-mica) | B40: K(Zn,Mn)3Si3AlO10(OH)2 | C40: 31.58 | D40: 0.32 | H40: 13.72 | I40: 2.25 | J40: 0.34 | K40: 12.28 | L40: 22.97 | N40: 3.69 | O40: 0.02 | Q40: 0.65 | S40: 0.24 | T40: 7.91 | AE40: 3.95 | BC40: =SUM(C40:BB40) -> 99.92 | BD40: =AG40*Factors!AG$6+AF40*Factors!AF$6+AH40*Factors!AH$6 -> 0 | BE40: =BC40+BD40 -> 99.92
A41: Plumbopyrochlore (hydroxyplumbopyrochlore) | B41: (Pb,□)2Nb2O6(OH) | C41: 0.05 | D41: 1.68 | J41: 0.17 | O41: 0.32 | P41: 0.16 | R41: 51.69 | X41: 40.06 | Y41: 4.74 | AE41: 0.95 | AN41: 0.07 | AP41: 0.02 | BC41: =SUM(C41:BB41) -> 99.91 | BD41: =AG41*Factors!AG$6+AF41*Factors!AF$6+AH41*Factors!AH$6 -> 0 | BE41: =BC41+BD41 -> 99.91
A42: Biotite (Fe-rich, annite) | B42: K(Fe2+,Mg)3AlSi3O10(OH,F)2 | C42: 34.9 | H42: 10.9 | J42: 36.19 | K42: 1.77 | N42: 3.4 | O42: 0.15 | T42: 8.1 | AF42: 2.22 | AG42: 0.24 | BC42: =SUM(C42:BB42) -> 97.87 | BD42: =AG42*Factors!AG$6+AF42*Factors!AF$6+AH42*Factors!AH$6 -> -0.98891439 | BE42: =BC42+BD42 -> 96.881086
A43: Columbite-(Fe) | B43: Fe2+Nb2O6 | G43: 0.67 | J43: 15.04 | K43: 5.97 | O43: 0.58 | X43: 72.37 | Y43: 5.26 | BC43: =SUM(C43:BB43) -> 99.89 | BD43: =AG43*Factors!AG$6+AF43*Factors!AF$6+AH43*Factors!AH$6 -> 0 | BE43: =BC43+BD43 -> 99.89
A44: Columbite-(Mn) | B44: Mn2+Nb2O6 | D44: 0.53 | G44: 0.88 | J44: 5.45 | K44: 14.79 | S44: 0.02 | X44: 68 | Y44: 9.88 | BC44: =SUM(C44:BB44) -> 99.55 | BD44: =AG44*Factors!AG$6+AF44*Factors!AF$6+AH44*Factors!AH$6 -> 0 | BE44: =BC44+BD44 -> 99.55
A45: Spessartine | B45: Mn2+3Al2(SiO4)3 | C45: 35.33 | H45: 21.5 | K45: 41.06 | O45: 1.02 | AE45: 0.86 | BC45: =SUM(C45:BB45) -> 99.77 | BD45: =AG45*Factors!AG$6+AF45*Factors!AF$6+AH45*Factors!AH$6 -> 0 | BE45: =BC45+BD45 -> 99.77
A46: Schorl | B46: NaFe2+3Al6(BO3)3Si6O18(OH)4 | C46: 36.04 | D46: 0.54 | H46: 30.83 | J46: 17.59 | K46: 0.11 | N46: 0.42 | O46: 1.01 | S46: 2.72 | T46: 0.05 | V46: 10.43 | BC46: =SUM(C46:BB46) -> 99.74 | BD46: =AG46*Factors!AG$6+AF46*Factors!AF$6+AH46*Factors!AH$6 -> 0 | BE46: =BC46+BD46 -> 99.74
A47: Kaolinite | B47: Al2Si2O5(OH)4 | C47: 45.8 | H47: 39.55 | I47: 0.57 | J47: 0.18 | N47: 0.14 | O47: 0.41 | T47: 0.03 | AE47: 14.09 | BC47: =SUM(C47:BB47) -> 100.77 | BD47: =AG47*Factors!AG$6+AF47*Factors!AF$6+AH47*Factors!AH$6 -> 0 | BE47: =BC47+BD47 -> 100.77
A48: Elbaite (Li-tourmaline) | B48: Na(Li1.5Al1.5)Al6(BO3)3Si6O18(OH)4 | C48: 37.89 | D48: 0.04 | H48: 43.85 | J48: 0.11 | K48: 0.11 | O48: 0.07 | S48: 2.43 | U48: 1.66 | V48: 10.28 | AE48: 3.47 | AF48: 0.1 | BC48: =SUM(C48:BB48) -> 100.01 | BD48: =AG48*Factors!AG$6+AF48*Factors!AF$6+AH48*Factors!AH$6 -> -0.04210617 | BE48: =BC48+BD48 -> 99.967894
A49: Clinochlore (Mg-chlorite) | B49: (Mg,Fe2+)5Al(Si3Al)O10(OH)8 | C49: 33.83 | H49: 12.95 | I49: 2.25 | J49: 3.02 | N49: 34.94 | AE49: 13.11 | BC49: =SUM(C49:BB49) -> 100.1 | BD49: =AG49*Factors!AG$6+AF49*Factors!AF$6+AH49*Factors!AH$6 -> 0 | BE49: =BC49+BD49 -> 100.1
A50: Chamosite (Fe-chlorite) | B50: (Fe2+,Mg)5Al(Si3Al)O10(OH)8 | C50: 26.4 | H50: 18.23 | I50: 5.7 | J50: 25.87 | N50: 11.35 | O50: 0.42 | S50: 0.17 | T50: 0.17 | AE50: 11.65 | BC50: =SUM(C50:BB50) -> 99.96 | BD50: =AG50*Factors!AG$6+AF50*Factors!AF$6+AH50*Factors!AH$6 -> 0 | BE50: =BC50+BD50 -> 99.96
A51: Lepidolite | B51: K(Li,Al)3(Si,Al)4O10(F,OH)2 | C51: 48.58 | H51: 28.93 | J51: 0.04 | K51: 0.92 | S51: 0.87 | T51: 10.02 | U51: 3.7 | AE51: 3.1 | AF51: 4.93 | BC51: =SUM(C51:BB51) -> 101.09 | BD51: =AG51*Factors!AG$6+AF51*Factors!AF$6+AH51*Factors!AH$6 -> -2.0758342 | BE51: =BC51+BD51 -> 99.014166
A52: Fluorapatite | B52: Ca5(PO4)3F | O52: 55.52 | AA52: 42.01 | AF52: 3.89 | AL52: 0.1 | AQ52: 0.06 | AT52: 0.06 | AZ52: 0.06 | BC52: =SUM(C52:BB52) -> 101.7 | BD52: =AG52*Factors!AG$6+AF52*Factors!AF$6+AH52*Factors!AH$6 -> -1.63793 | BE52: =BC52+BD52 -> 100.06207
A53: Beryl | B53: Be3Al2Si6O18 | C53: 65.59 | H53: 18.25 | J53: 1.16 | S53: 0.26 | W53: 13.46 | AE53: 0.7 | BC53: =SUM(C53:BB53) -> 99.42 | BD53: =AG53*Factors!AG$6+AF53*Factors!AF$6+AH53*Factors!AH$6 -> 0 | BE53: =BC53+BD53 -> 99.42
A54: Montebrasite | B54: LiAl(PO4)(OH,F) | H54: 35.1 | O54: 0.08 | S54: 0.14 | T54: 0.01 | U54: 9.52 | AA54: 49.11 | AE54: 5.32 | AF54: 1.4 | BC54: =SUM(C54:BB54) -> 100.68 | BD54: =AG54*Factors!AG$6+AF54*Factors!AF$6+AH54*Factors!AH$6 -> -0.58948638 | BE54: =BC54+BD54 -> 100.09051
A55: Oligoclase (plagioclase An10-30) | B55: (Na,Ca)(Al,Si)4O8 | C55: 64.92 | H55: 22.2 | O55: 2.64 | S55: 9.72 | T55: 0.68 | AE55: 0.09 | BC55: =SUM(C55:BB55) -> 100.25 | BD55: =AG55*Factors!AG$6+AF55*Factors!AF$6+AH55*Factors!AH$6 -> 0 | BE55: =BC55+BD55 -> 100.25
A56: Corundum | B56: Al2O3 | H56: 100 | BC56: =SUM(C56:BB56) -> 100 | BD56: =AG56*Factors!AG$6+AF56*Factors!AF$6+AH56*Factors!AH$6 -> 0 | BE56: =BC56+BD56 -> 100
A57: Spodumene | B57: LiAlSi2O6 | C57: 63.6 | H57: 27.48 | I57: 0.04 | K57: 0.14 | S57: 0.22 | U57: 7.79 | AE57: 0.17 | BC57: =SUM(C57:BB57) -> 99.44 | BD57: =AG57*Factors!AG$6+AF57*Factors!AF$6+AH57*Factors!AH$6 -> 0 | BE57: =BC57+BD57 -> 99.44
A58: Calcite | B58: CaCO3 | J58: 0.43 | N58: 1.74 | O58: 53.6 | AD58: 44.22 | BC58: =SUM(C58:BB58) -> 99.99 | BD58: =AG58*Factors!AG$6+AF58*Factors!AF$6+AH58*Factors!AH$6 -> 0 | BE58: =BC58+BD58 -> 99.99
A59: Sphalerite | B59: (Zn,Fe)S | J59: 0.19 | L59: 83.37 | AH59: 32.78 | BC59: =SUM(C59:BB59) -> 116.34 | BD59: =AG59*Factors!AG$6+AF59*Factors!AF$6+AH59*Factors!AH$6 -> -16.358304 | BE59: =BC59+BD59 -> 99.981696
A60: Crandallite | B60: CaAl3(PO4)(PO3OH)(OH)6 | H60: 38.71 | N60: 0.94 | O60: 7.5 | P60: 2.21 | AA60: 27.09 | AC60: 3.8 | AE60: 20.15 | BC60: =SUM(C60:BB60) -> 100.4 | BD60: =AG60*Factors!AG$6+AF60*Factors!AF$6+AH60*Factors!AH$6 -> 0 | BE60: =BC60+BD60 -> 100.4
A61: Kesterite | B61: Cu2(Zn,Fe)SnS4 | G61: 32.06 | J61: 2.16 | L61: 13.89 | M61: 34.41 | AH61: 28.4 | BC61: =SUM(C61:BB61) -> 110.92 | BD61: =AG61*Factors!AG$6+AF61*Factors!AF$6+AH61*Factors!AH$6 -> -14.172539 | BE61: =BC61+BD61 -> 96.747461
A62: Lithiophilite | B62: Li(Mn2+,Fe2+)PO4 | C62: 0.09 | H62: 0.07 | J62: 2.94 | K62: 42.58 | S62: 0.24 | U62: 9.11 | AA62: 44.95 | AE62: 0.65 | BC62: =SUM(C62:BB62) -> 100.63 | BD62: =AG62*Factors!AG$6+AF62*Factors!AF$6+AH62*Factors!AH$6 -> 0 | BE62: =BC62+BD62 -> 100.63
A63: Rhodochrosite | B63: Mn2+CO3 | J63: 0.77 | K63: 60.87 | O63: 0.51 | AD63: 38.26 | BC63: =SUM(C63:BB63) -> 100.41 | BD63: =AG63*Factors!AG$6+AF63*Factors!AF$6+AH63*Factors!AH$6 -> 0 | BE63: =BC63+BD63 -> 100.41
A64: One internally consistent analysis per mineral (published EPMA/wet-chemical analysis or stoichiometric composition); see Sources.
A65: Blue = input values (wt%). Empty cell = not reported / below 0.01 wt%. REE as R2O3 (Ce as Ce2O3, except CeO2 for cerianite); F and Cl as element wt%; water as H2O, carbonate as CO2; U as UO2.

Sheet Oxides_min
A1: Mineral | B1: Ideal formula | C1: SiO2 | D1: TiO2 | E1: ZrO2 | F1: HfO2 | G1: SnO2 | H1: Al2O3 | I1: Fe2O3 | J1: FeO | K1: MnO | L1: ZnO | M1: Cu2O | N1: MgO | O1: CaO | P1: SrO | Q1: BaO | R1: PbO | S1: Na2O | T1: K2O | U1: Li2O | V1: B2O3 | W1: BeO | X1: Nb2O5 | Y1: Ta2O5 | Z1: WO3 | AA1: P2O5 | AB1: As2O5 | AC1: SO3 | AD1: CO2 | AE1: H2O | AF1: F | AG1: Cl | AH1: S (sulfide) | AI1: ThO2 | AJ1: UO2 | AK1: Sc2O3 | AL1: Y2O3 | AM1: La2O3 | AN1: Ce2O3 | AO1: CeO2 | AP1: Pr2O3 | AQ1: Nd2O3 | AR1: Sm2O3 | AS1: Eu2O3 | AT1: Gd2O3 | AU1: Tb2O3 | AV1: Dy2O3 | AW1: Ho2O3 | AX1: Er2O3 | AY1: Tm2O3 | AZ1: Yb2O3 | BA1: Lu2O3 | BB1: Bi2O3 | BC1: Sum of oxides | BD1: − O≡F,Cl,S | BE1: Total (wt%)
A2: Monazite-(Ce) | B2: (Ce,La,Nd,Th)PO4 | C2: 0.05 | H2: 0 | J2: 0 | O2: 0.1 | P2: 0 | R2: 0.01 | AA2: 25 | AC2: 0 | AI2: 1 | AJ2: 0 | AL2: 0 | AM2: 10 | AN2: 25 | AP2: 1 | AQ2: 6 | AR2: 0.2 | AS2: 0 | AT2: 0.05 | AU2: 0 | AV2: 0 | AW2: 0 | AX2: 0 | AY2: 0 | AZ2: 0 | BA2: 0 | BC2: =SUM(C2:BB2) -> 68.41 | BD2: =AG2*Factors!AG$6+AF2*Factors!AF$6+AH2*Factors!AH$6 -> 0 | BE2: =BC2+BD2 -> 68.41
A3: Bastnäsite-(Ce) | B3: (Ce,La)(CO3)F | C3: 0 | J3: 0 | O3: 0 | P3: 0 | Q3: 0 | AA3: 0 | AD3: 18.5 | AE3: 0 | AF3: 5.5 | AI3: 0 | AJ3: 0 | AL3: 0 | AM3: 14 | AN3: 28 | AP3: 1.5 | AQ3: 3 | AR3: 0.1 | AS3: 0 | AT3: 0 | AV3: 0 | BC3: =SUM(C3:BB3) -> 70.6 | BD3: =AG3*Factors!AG$6+AF3*Factors!AF$6+AH3*Factors!AH$6 -> -2.3158394 | BE3: =BC3+BD3 -> 68.284161
A4: Xenotime-(Y) | B4: YPO4 | C4: 0 | H4: 0 | J4: 0 | O4: 0 | R4: 0 | AA4: 32 | AI4: 0 | AJ4: 0 | AL4: 38 | AM4: 0 | AN4: 0 | AP4: 0 | AQ4: 0 | AR4: 0.05 | AS4: 0 | AT4: 0.8 | AU4: 0.2 | AV4: 3 | AW4: 0.6 | AX4: 2.5 | AY4: 0.3 | AZ4: 2 | BA4: 0.2 | BC4: =SUM(C4:BB4) -> 79.65 | BD4: =AG4*Factors!AG$6+AF4*Factors!AF$6+AH4*Factors!AH$6 -> 0 | BE4: =BC4+BD4 -> 79.65
A5: Parisite-(Ce) | B5: CaCe2(CO3)3F2 | C5: 0 | J5: 0 | O5: 9 | P5: 0 | Q5: 0 | S5: 0 | AD5: 23 | AF5: 5 | AI5: 0 | AJ5: 0 | AL5: 0 | AM5: 9 | AN5: 24 | AP5: 1.5 | AQ5: 5 | AR5: 0.3 | AS5: 0 | AT5: 0 | AV5: 0 | BC5: =SUM(C5:BB5) -> 76.8 | BD5: =AG5*Factors!AG$6+AF5*Factors!AF$6+AH5*Factors!AH$6 -> -2.1053085 | BE5: =BC5+BD5 -> 74.694691
A6: Synchysite-(Ce) | B6: CaCe(CO3)2F | C6: 0 | J6: 0 | O6: 15.5 | P6: 0 | AD6: 26 | AF6: 4 | AI6: 0 | AJ6: 0 | AL6: 0 | AM6: 6 | AN6: 18 | AP6: 1 | AQ6: 4 | AR6: 0.2 | AS6: 0 | AT6: 0 | AV6: 0 | BC6: =SUM(C6:BB6) -> 74.7 | BD6: =AG6*Factors!AG$6+AF6*Factors!AF$6+AH6*Factors!AH$6 -> -1.6842468 | BE6: =BC6+BD6 -> 73.015753
A7: Allanite-(Ce) | B7: CaCe(Al2Fe2+)(Si2O7)(SiO4)O(OH) | C7: 29 | D7: 0 | H7: 10 | I7: 1 | J7: 3 | K7: 0.05 | N7: 0 | O7: 8 | S7: 0 | AA7: 0 | AE7: 1.2 | AF7: 0 | AI7: 0 | AJ7: 0 | AL7: 0 | AM7: 2 | AN7: 8 | AP7: 0.5 | AQ7: 1.5 | AR7: 0.1 | AS7: 0 | AT7: 0 | AU7: 0 | AV7: 0 | AW7: 0 | AX7: 0 | AY7: 0 | AZ7: 0 | BA7: 0 | BC7: =SUM(C7:BB7) -> 64.35 | BD7: =AG7*Factors!AG$6+AF7*Factors!AF$6+AH7*Factors!AH$6 -> 0 | BE7: =BC7+BD7 -> 64.35
A8: Fluorapatite (REE-bearing) | B8: Ca5(PO4)3F | C8: 0 | J8: 0 | K8: 0 | O8: 51 | P8: 0 | S8: 0 | AA8: 38 | AC8: 0 | AD8: 0 | AE8: 0 | AF8: 2.5 | AG8: 0 | AI8: 0 | AJ8: 0 | AL8: 0 | AM8: 0.1 | AN8: 0.3 | AP8: 0 | AQ8: 0.1 | AR8: 0 | AS8: 0 | AT8: 0 | AV8: 0 | AX8: 0 | AZ8: 0 | BC8: =SUM(C8:BB8) -> 92 | BD8: =AG8*Factors!AG$6+AF8*Factors!AF$6+AH8*Factors!AH$6 -> -1.0526543 | BE8: =BC8+BD8 -> 90.947346
A9: Florencite-(Ce) | B9: CeAl3(PO4)2(OH)6 | C9: 0 | H9: 27 | I9: 0 | O9: 0.2 | P9: 0 | Q9: 0 | AA9: 24 | AC9: 0 | AE9: 10 | AF9: 0 | AI9: 0 | AL9: 0 | AM9: 3 | AN9: 8 | AP9: 0.5 | AQ9: 2 | AR9: 0 | AS9: 0 | AT9: 0 | AV9: 0 | BC9: =SUM(C9:BB9) -> 74.7 | BD9: =AG9*Factors!AG$6+AF9*Factors!AF$6+AH9*Factors!AH$6 -> 0 | BE9: =BC9+BD9 -> 74.7
A10: Cerianite-(Ce) | B10: (Ce4+,Th)O2 | C10: 0 | E10: 0 | J10: 0 | O10: 0 | X10: 0 | Y10: 0 | AA10: 0 | AE10: 0 | AI10: 0 | AL10: 0 | AM10: 0 | AO10: 78 | AP10: 0 | AQ10: 0 | AZ10: 0 | BC10: =SUM(C10:BB10) -> 78 | BD10: =AG10*Factors!AG$6+AF10*Factors!AF$6+AH10*Factors!AH$6 -> 0 | BE10: =BC10+BD10 -> 78
A11: Pyrochlore (REE-bearing, carbonatite) | B11: (Na,Ca)2Nb2O6(OH,F) | C11: 0 | D11: 1 | E11: 0 | H11: 0 | J11: 0 | K11: 0 | N11: 0 | O11: 10 | P11: 0 | Q11: 0 | R11: 0 | S11: 1 | T11: 0 | X11: 45 | Y11: 0 | AE11: 0 | AF11: 1.2 | AI11: 0 | AJ11: 0 | AL11: 0 | AM11: 0 | AN11: 0.5 | AP11: 0 | AQ11: 0 | AR11: 0 | BC11: =SUM(C11:BB11) -> 58.7 | BD11: =AG11*Factors!AG$6+AF11*Factors!AF$6+AH11*Factors!AH$6 -> -0.50527404 | BE11: =BC11+BD11 -> 58.194726
A12: Ancylite-(Ce) | B12: SrCe(CO3)2(OH)·H2O | J12: 0 | O12: 0 | P12: 17 | Q12: 0 | AD12: 22 | AE12: 5.5 | AF12: 0 | AI12: 0 | AL12: 0 | AM12: 8 | AN12: 18 | AP12: 1 | AQ12: 3 | AR12: 0 | AT12: 0 | BC12: =SUM(C12:BB12) -> 74.5 | BD12: =AG12*Factors!AG$6+AF12*Factors!AF$6+AH12*Factors!AH$6 -> 0 | BE12: =BC12+BD12 -> 74.5
A13: Ion-adsorption REE clay ore (HREE type) | B13: Quartz + kaolinite/halloysite + residual K-feldspar/mica, REE3+ adsorbed on clays | C13: 45 | D13: 0.03 | H13: 13 | I13: 0.5 | K13: 0.02 | N13: 0.03 | O13: 0.03 | S13: 0.03 | T13: 0.5 | AA13: 0.01 | AE13: 3 | AL13: 0.005 | AM13: 0.0009 | AN13: 0.0002 | AP13: 0.0003 | AQ13: 0.0015 | AR13: 0.001 | AS13: 5e-05 | AT13: 0.0015 | AU13: 0 | AV13: 0 | AW13: 0 | AX13: 0 | AY13: 0 | AZ13: 0.0002 | BA13: 5e-05 | BC13: =SUM(C13:BB13) -> 62.1607 | BD13: =AG13*Factors!AG$6+AF13*Factors!AF$6+AH13*Factors!AH$6 -> 0 | BE13: =BC13+BD13 -> 62.1607
A14: Britholite-(Ce) | B14: (Ce,Ca)5(SiO4,PO4)3(OH,F) | C14: 12 | H14: 0 | J14: 0 | K14: 0 | O14: 10 | P14: 0 | S14: 0 | AA14: 2 | AE14: 0 | AF14: 0.5 | AG14: 0 | AI14: 0.5 | AJ14: 0 | AL14: 0 | AM14: 5 | AN14: 17 | AP14: 1 | AQ14: 4 | AR14: 0.3 | AS14: 0 | AT14: 0.2 | AV14: 0 | AX14: 0 | AZ14: 0 | BC14: =SUM(C14:BB14) -> 52.5 | BD14: =AG14*Factors!AG$6+AF14*Factors!AF$6+AH14*Factors!AH$6 -> -0.21053085 | BE14: =BC14+BD14 -> 52.289469
A15: Churchite-(Y) | B15: YPO4·2H2O | C15: 0 | H15: 0 | I15: 0 | O15: 0 | AA15: 29 | AE15: 14 | AL15: 35 | AM15: 0 | AN15: 0 | AP15: 0 | AQ15: 0 | AR15: 0 | AS15: 0 | AT15: 1 | AU15: 0.1 | AV15: 1.5 | AW15: 0.2 | AX15: 1 | AY15: 0 | AZ15: 0.5 | BA15: 0 | BC15: =SUM(C15:BB15) -> 82.3 | BD15: =AG15*Factors!AG$6+AF15*Factors!AF$6+AH15*Factors!AH$6 -> 0 | BE15: =BC15+BD15 -> 82.3
A16: Rhabdophane-(Ce) | B16: (Ce,La)PO4·H2O | C16: 0 | H16: 0 | I16: 0 | O16: 0.2 | P16: 0 | R16: 0 | AA16: 24 | AE16: 5 | AI16: 0 | AJ16: 0 | AL16: 0 | AM16: 8 | AN16: 20 | AP16: 1 | AQ16: 6 | AR16: 0.5 | AS16: 0 | AT16: 0.2 | AU16: 0 | AV16: 0 | AW16: 0 | AX16: 0 | AY16: 0 | AZ16: 0 | BA16: 0 | BC16: =SUM(C16:BB16) -> 64.9 | BD16: =AG16*Factors!AG$6+AF16*Factors!AF$6+AH16*Factors!AH$6 -> 0 | BE16: =BC16+BD16 -> 64.9
A17: Fluocerite-(Ce) | B17: CeF3 | C17: 0 | I17: 0 | O17: 0 | AF17: 24.5 | AI17: 0 | AL17: 0 | AM17: 15 | AN17: 38 | AP17: 2 | AQ17: 3 | AR17: 0.1 | AS17: 0 | AT17: 0 | BC17: =SUM(C17:BB17) -> 82.6 | BD17: =AG17*Factors!AG$6+AF17*Factors!AF$6+AH17*Factors!AH$6 -> -10.316012 | BE17: =BC17+BD17 -> 72.283988
A18: Cerite-(Ce) | B18: (Ce,La,Ca)9(Mg,Fe3+)(SiO4)3(SiO3OH)4(OH)3 | C18: 20 | D18: 0 | H18: 0 | I18: 0.5 | K18: 0 | N18: 0.3 | O18: 1.5 | P18: 0 | Q18: 0 | S18: 0 | T18: 0 | AA18: 0 | AC18: 0 | AE18: 2.5 | AF18: 0 | AI18: 0 | AL18: 0 | AM18: 10 | AN18: 23 | AP18: 0.5 | AQ18: 1.5 | AR18: 0.1 | AS18: 0 | AT18: 0 | AU18: 0 | AV18: 0 | AX18: 0 | AZ18: 0 | BC18: =SUM(C18:BB18) -> 59.9 | BD18: =AG18*Factors!AG$6+AF18*Factors!AF$6+AH18*Factors!AH$6 -> 0 | BE18: =BC18+BD18 -> 59.9
A19: Eudialyte (REE-bearing) | B19: Na15Ca6(Fe2+,Mn2+)3Zr3Si(Si25O73)(O,OH,H2O)3(Cl,OH)2 | C19: 45 | D19: 0.1 | E19: 9 | F19: 0 | H19: 0 | I19: 0 | J19: 0.8 | K19: 0.5 | N19: 0 | O19: 4.5 | P19: 0.1 | Q19: 0 | S19: 11 | T19: 0.2 | X19: 0.1 | AC19: 0 | AE19: 0.3 | AF19: 0 | AG19: 0.2 | AI19: 0 | AJ19: 0 | AL19: 0.2 | AM19: 0.1 | AN19: 0.3 | AP19: 0 | AQ19: 0.2 | AR19: 0 | AS19: 0 | AT19: 0 | AU19: 0 | AV19: 0 | AW19: 0 | AX19: 0 | AY19: 0 | AZ19: 0 | BA19: 0 | BC19: =SUM(C19:BB19) -> 72.6 | BD19: =AG19*Factors!AG$6+AF19*Factors!AF$6+AH19*Factors!AH$6 -> -0.045131171 | BE19: =BC19+BD19 -> 72.554869
A20: Gadolinite-(Y) | B20: Y2Fe2+Be2Si2O10 | C20: 21 | I20: 0 | J20: 7 | K20: 0 | N20: 0 | O20: 0 | S20: 0 | W20: 7 | AE20: 0.3 | AI20: 0 | AJ20: 0 | AL20: 20 | AM20: 0 | AN20: 0.5 | AP20: 0.1 | AQ20: 0.5 | AR20: 0.3 | AS20: 0 | AT20: 0.8 | AU20: 0.1 | AV20: 1 | AW20: 0.2 | AX20: 0.8 | AY20: 0.1 | AZ20: 0.5 | BA20: 0 | BC20: =SUM(C20:BB20) -> 60.2 | BD20: =AG20*Factors!AG$6+AF20*Factors!AF$6+AH20*Factors!AH$6 -> 0 | BE20: =BC20+BD20 -> 60.2
A21: Zircon (HREE-bearing) | B21: ZrSiO4 (+ xenotime-type (Y,HREE)3+ + P5+ = Zr4+ + Si4+) | C21: 22 | E21: 41 | F21: 0.5 | H21: 0 | J21: 0 | K21: 0 | O21: 0 | R21: 0 | S21: 0 | X21: 0 | AA21: 0 | AB21: 0 | AE21: 0 | AF21: 0 | AI21: 0 | AJ21: 0 | AK21: 0 | AL21: 0 | AM21: 0 | AN21: 0 | AP21: 0 | AQ21: 0 | AR21: 0 | AS21: 0 | AT21: 0 | AU21: 0 | AV21: 0 | AW21: 0 | AX21: 0 | AY21: 0 | AZ21: 0 | BA21: 0 | BB21: 0 | BC21: =SUM(C21:BB21) -> 63.5 | BD21: =AG21*Factors!AG$6+AF21*Factors!AF$6+AH21*Factors!AH$6 -> 0 | BE21: =BC21+BD21 -> 63.5
A22: Aeschynite-(Ce) | B22: (Ce,Ca,Fe,Th)(Ti,Nb)2(O,OH)6 | C22: 0 | D22: 19 | E22: 0 | G22: 0 | I22: 0.5 | J22: 0 | K22: 0 | O22: 0.7 | X22: 0.3 | Y22: 0 | AE22: 0 | AF22: 0 | AI22: 0 | AJ22: 0 | AL22: 0 | AM22: 2.6 | AN22: 8 | AP22: 1.4 | AQ22: 4.2 | AR22: 0.4 | AS22: 0 | AT22: 0 | AV22: 0 | AX22: 0 | AZ22: 0 | BC22: =SUM(C22:BB22) -> 37.1 | BD22: =AG22*Factors!AG$6+AF22*Factors!AF$6+AH22*Factors!AH$6 -> 0 | BE22: =BC22+BD22 -> 37.1
A23: Euxenite-(Y) | B23: (Y,Ca,Ce,U,Th)(Nb,Ta,Ti)2O6 | C23: 0 | D23: 16 | E23: 0 | G23: 0 | H23: 0 | I23: 0 | J23: 0 | K23: 0 | N23: 0 | O23: 0.2 | R23: 0 | S23: 0 | T23: 0 | X23: 22 | Y23: 0.5 | Z23: 0 | AE23: 0 | AI23: 0.5 | AJ23: 0.7 | AK23: 0 | AL23: 8.9 | AM23: 0 | AN23: 0.1 | AP23: 0 | AQ23: 0.3 | AR23: 0.6 | AS23: 0.3 | AT23: 1.3 | AU23: 0.25 | AV23: 1.5 | AW23: 0.2 | AX23: 0.7 | AY23: 0.1 | AZ23: 0.4 | BA23: 0.1 | BC23: =SUM(C23:BB23) -> 54.65 | BD23: =AG23*Factors!AG$6+AF23*Factors!AF$6+AH23*Factors!AH$6 -> 0 | BE23: =BC23+BD23 -> 54.65
A24: Fergusonite-(Y) | B24: YNbO4 | C24: 0 | D24: 0.5 | G24: 0 | J24: 0 | O24: 0.5 | X24: 39.5 | Y24: 0 | Z24: 0 | AE24: 0 | AI24: 0.2 | AJ24: 0.06 | AL24: 20.4 | AM24: 0 | AN24: 0.5 | AP24: 0.06 | AQ24: 1.4 | AR24: 0.9 | AS24: 0 | AT24: 1.8 | AU24: 0.4 | AV24: 3.6 | AW24: 0.8 | AX24: 1.4 | AY24: 0.2 | AZ24: 2.1 | BA24: 0 | BC24: =SUM(C24:BB24) -> 74.32 | BD24: =AG24*Factors!AG$6+AF24*Factors!AF$6+AH24*Factors!AH$6 -> 0 | BE24: =BC24+BD24 -> 74.32
A25: Loparite-(Ce) | B25: (Na,Ce,Sr)(Ce,Th)(Ti,Nb)2O6 | C25: 0 | D25: 35 | E25: 0 | H25: 0 | I25: 0 | J25: 0 | O25: 0.6 | P25: 0.9 | S25: 7.3 | T25: 0 | X25: 3.3 | Y25: 0 | AF25: 0 | AI25: 0.1 | AJ25: 0 | AM25: 7.4 | AN25: 15.2 | AP25: 1 | AQ25: 2.9 | AR25: 0 | BC25: =SUM(C25:BB25) -> 73.7 | BD25: =AG25*Factors!AG$6+AF25*Factors!AF$6+AH25*Factors!AH$6 -> 0 | BE25: =BC25+BD25 -> 73.7
A26: Samarskite-(Y) | B26: YFe3+Nb2O8 | C26: 0 | D26: 0.2 | E26: 0 | G26: 0 | H26: 0 | I26: 0 | J26: 3 | K26: 0.4 | N26: 0 | O26: 0.07 | R26: 0 | S26: 0 | T26: 0 | X26: 22 | Y26: 1 | Z26: 0.5 | AE26: 0 | AI26: 0.5 | AJ26: 2.5 | AK26: 0 | AL26: 3.9 | AM26: 0 | AN26: 0 | AP26: 0 | AQ26: 0.26 | AR26: 0.5 | AS26: 0 | AT26: 0.9 | AU26: 0 | AV26: 0.5 | AW26: 0 | AX26: 0 | AY26: 0 | AZ26: 0.5 | BA26: 0 | BC26: =SUM(C26:BB26) -> 36.73 | BD26: =AG26*Factors!AG$6+AF26*Factors!AF$6+AH26*Factors!AH$6 -> 0 | BE26: =BC26+BD26 -> 36.73
A27: Albite | B27: NaAlSi3O8 | C27: 66.04 | H27: 19.44 | O27: 0 | S27: 10.57 | T27: 0 | BC27: =SUM(C27:BB27) -> 96.05 | BD27: =AG27*Factors!AG$6+AF27*Factors!AF$6+AH27*Factors!AH$6 -> 0 | BE27: =BC27+BD27 -> 96.05
A28: Zircon | B28: ZrSiO4 | C28: 32.78 | E28: 66.72 | F28: 0 | AI28: 0 | AJ28: 0 | BC28: =SUM(C28:BB28) -> 99.5 | BD28: =AG28*Factors!AG$6+AF28*Factors!AF$6+AH28*Factors!AH$6 -> 0 | BE28: =BC28+BD28 -> 99.5
A29: Muscovite | B29: KAl2(Si3Al)O10(OH)2 | C29: 45.26 | H29: 38.4 | N29: 0 | S29: 0 | T29: 10.08 | AE29: 4.52 | BC29: =SUM(C29:BB29) -> 98.26 | BD29: =AG29*Factors!AG$6+AF29*Factors!AF$6+AH29*Factors!AH$6 -> 0 | BE29: =BC29+BD29 -> 98.26
A30: Quartz | B30: SiO2 | C30: 100 | BC30: =SUM(C30:BB30) -> 100 | BD30: =AG30*Factors!AG$6+AF30*Factors!AF$6+AH30*Factors!AH$6 -> 0 | BE30: =BC30+BD30 -> 100
A31: Aegirine | B31: NaFe3+Si2O6 | C31: 51.35 | D31: 0 | H31: 0 | I31: 28.66 | J31: 0 | N31: 0 | O31: 0 | S31: 12.66 | T31: 0 | AE31: 0 | BC31: =SUM(C31:BB31) -> 92.67 | BD31: =AG31*Factors!AG$6+AF31*Factors!AF$6+AH31*Factors!AH$6 -> 0 | BE31: =BC31+BD31 -> 92.67
A32: Pachnolite | B32: NaCaAlF6·H2O | H32: 22.96 | O32: 24.09 | S32: 13.95 | AE32: 8.11 | AF32: 50.61 | BC32: =SUM(C32:BB32) -> 119.72 | BD32: =AG32*Factors!AG$6+AF32*Factors!AF$6+AH32*Factors!AH$6 -> -21.309933 | BE32: =BC32+BD32 -> 98.410067
A33: Orthoclase | B33: KAlSi3O8 | C33: 64.76 | H33: 18.32 | Q33: 0 | S33: 0 | T33: 14.76 | BC33: =SUM(C33:BB33) -> 97.84 | BD33: =AG33*Factors!AG$6+AF33*Factors!AF$6+AH33*Factors!AH$6 -> 0 | BE33: =BC33+BD33 -> 97.84
A34: Hematite | B34: α-Fe2O3 | I34: 98.14 | J34: 0 | K34: 0 | BC34: =SUM(C34:BB34) -> 98.14 | BD34: =AG34*Factors!AG$6+AF34*Factors!AF$6+AH34*Factors!AH$6 -> 0 | BE34: =BC34+BD34 -> 98.14
A35: Magnetite | B35: Fe2+Fe3+2O4 | C35: 0 | D35: 0 | H35: 0 | I35: 67.16 | J35: 30.78 | K35: 0 | N35: 0 | BC35: =SUM(C35:BB35) -> 97.94 | BD35: =AG35*Factors!AG$6+AF35*Factors!AF$6+AH35*Factors!AH$6 -> 0 | BE35: =BC35+BD35 -> 97.94
A36: Thorite | B36: (Th,U)SiO4 | C36: 16.47 | D36: 0 | H36: 0 | J36: 0 | N36: 0 | R36: 0 | AE36: 0 | AI36: 71.61 | AJ36: 0 | AN36: 0 | BC36: =SUM(C36:BB36) -> 88.08 | BD36: =AG36*Factors!AG$6+AF36*Factors!AF$6+AH36*Factors!AH$6 -> 0 | BE36: =BC36+BD36 -> 88.08
A37: Cryolite | B37: Na3AlF6 | H37: 24.28 | S37: 43.69 | AF37: 54.28 | BC37: =SUM(C37:BB37) -> 122.25 | BD37: =AG37*Factors!AG$6+AF37*Factors!AF$6+AH37*Factors!AH$6 -> -22.855229 | BE37: =BC37+BD37 -> 99.394771
A38: Cassiterite | B38: SnO2 | C38: 0 | D38: 0 | G38: 99.26 | J38: 0 | X38: 0 | Y38: 0 | Z38: 0 | BC38: =SUM(C38:BB38) -> 99.26 | BD38: =AG38*Factors!AG$6+AF38*Factors!AF$6+AH38*Factors!AH$6 -> 0 | BE38: =BC38+BD38 -> 99.26
A39: Nepheline | B39: (Na,K)AlSiO4 | C39: 43.55 | H39: 34.66 | N39: 0.05 | O39: 4.44 | S39: 12.09 | T39: 4.87 | AE39: 0.5 | BC39: =SUM(C39:BB39) -> 100.16 | BD39: =AG39*Factors!AG$6+AF39*Factors!AF$6+AH39*Factors!AH$6 -> 0 | BE39: =BC39+BD39 -> 100.16
A40: Hendricksite (Zn-mica) | B40: K(Zn,Mn)3Si3AlO10(OH)2 | C40: 31.58 | D40: 0.32 | H40: 13.6 | I40: 2.25 | J40: 0 | K40: 12.28 | L40: 19.8 | N40: 2.7 | O40: 0 | Q40: 0.3 | S40: 0.1 | T40: 7.91 | AE40: 3.95 | AF40: 0 | BC40: =SUM(C40:BB40) -> 94.79 | BD40: =AG40*Factors!AG$6+AF40*Factors!AF$6+AH40*Factors!AH$6 -> 0 | BE40: =BC40+BD40 -> 94.79
A41: Plumbopyrochlore (hydroxyplumbopyrochlore) | B41: (Pb,□)2Nb2O6(OH) | C41: 0.05 | D41: 1.68 | J41: 0.17 | O41: 0.32 | P41: 0.16 | R41: 51.69 | X41: 40.06 | Y41: 4.74 | AE41: 0.95 | AN41: 0.07 | AP41: 0.02 | BC41: =SUM(C41:BB41) -> 99.91 | BD41: =AG41*Factors!AG$6+AF41*Factors!AF$6+AH41*Factors!AH$6 -> 0 | BE41: =BC41+BD41 -> 99.91
A42: Biotite (Fe-rich, annite) | B42: K(Fe2+,Mg)3AlSi3O10(OH,F)2 | C42: 32.56 | D42: 0 | H42: 9.96 | J42: 34.25 | K42: 0 | N42: 0 | O42: 0 | S42: 0 | T42: 8.1 | AE42: 0 | AF42: 0 | AG42: 0 | BC42: =SUM(C42:BB42) -> 84.87 | BD42: =AG42*Factors!AG$6+AF42*Factors!AF$6+AH42*Factors!AH$6 -> 0 | BE42: =BC42+BD42 -> 84.87
A43: Columbite-(Fe) | B43: Fe2+Nb2O6 | D43: 0 | G43: 0 | J43: 13.03 | K43: 0 | O43: 0 | X43: 51.72 | Y43: 0 | Z43: 0 | BC43: =SUM(C43:BB43) -> 64.75 | BD43: =AG43*Factors!AG$6+AF43*Factors!AF$6+AH43*Factors!AH$6 -> 0 | BE43: =BC43+BD43 -> 64.75
A44: Columbite-(Mn) | B44: Mn2+Nb2O6 | D44: 0 | G44: 0 | J44: 0 | K44: 9.4 | S44: 0 | X44: 46.8 | Y44: 0 | BC44: =SUM(C44:BB44) -> 56.2 | BD44: =AG44*Factors!AG$6+AF44*Factors!AF$6+AH44*Factors!AH$6 -> 0 | BE44: =BC44+BD44 -> 56.2
A45: Spessartine | B45: Mn2+3Al2(SiO4)3 | C45: 35.33 | H45: 20.6 | K45: 41.06 | O45: 0 | AE45: 0 | BC45: =SUM(C45:BB45) -> 96.99 | BD45: =AG45*Factors!AG$6+AF45*Factors!AF$6+AH45*Factors!AH$6 -> 0 | BE45: =BC45+BD45 -> 96.99
A46: Schorl | B46: NaFe2+3Al6(BO3)3Si6O18(OH)4 | C46: 34.22 | D46: 0 | H46: 29.04 | J46: 17.59 | K46: 0 | N46: 0 | O46: 0 | S46: 2.72 | T46: 0 | V46: 9.91 | AE46: 0 | BC46: =SUM(C46:BB46) -> 93.48 | BD46: =AG46*Factors!AG$6+AF46*Factors!AF$6+AH46*Factors!AH$6 -> 0 | BE46: =BC46+BD46 -> 93.48
A47: Kaolinite | B47: Al2Si2O5(OH)4 | C47: 45.8 | H47: 39.5 | I47: 0 | J47: 0 | N47: 0 | O47: 0 | T47: 0 | AE47: 13.96 | BC47: =SUM(C47:BB47) -> 99.26 | BD47: =AG47*Factors!AG$6+AF47*Factors!AF$6+AH47*Factors!AH$6 -> 0 | BE47: =BC47+BD47 -> 99.26
A48: Elbaite (Li-tourmaline) | B48: Na(Li1.5Al1.5)Al6(BO3)3Si6O18(OH)4 | C48: 37.89 | D48: 0 | H48: 40.82 | J48: 0 | K48: 0 | O48: 0 | S48: 2.43 | U48: 1.66 | V48: 10.28 | AE48: 3.47 | AF48: 0 | BC48: =SUM(C48:BB48) -> 96.55 | BD48: =AG48*Factors!AG$6+AF48*Factors!AF$6+AH48*Factors!AH$6 -> 0 | BE48: =BC48+BD48 -> 96.55
A49: Clinochlore (Mg-chlorite) | B49: (Mg,Fe2+)5Al(Si3Al)O10(OH)8 | C49: 32.12 | H49: 9.5 | I49: 0 | J49: 1.98 | N49: 34.94 | O49: 0 | AE49: 12.29 | BC49: =SUM(C49:BB49) -> 90.83 | BD49: =AG49*Factors!AG$6+AF49*Factors!AF$6+AH49*Factors!AH$6 -> 0 | BE49: =BC49+BD49 -> 90.83
A50: Chamosite (Fe-chlorite) | B50: (Fe2+,Mg)5Al(Si3Al)O10(OH)8 | C50: 26.4 | H50: 16.14 | I50: 5.7 | J50: 25.87 | K50: 0 | N50: 4.47 | O50: 0 | S50: 0 | T50: 0 | AE50: 11.5 | BC50: =SUM(C50:BB50) -> 90.08 | BD50: =AG50*Factors!AG$6+AF50*Factors!AF$6+AH50*Factors!AH$6 -> 0 | BE50: =BC50+BD50 -> 90.08
A51: Lepidolite | B51: K(Li,Al)3(Si,Al)4O10(F,OH)2 | C51: 48.58 | H51: 22.62 | I51: 0 | J51: 0.04 | K51: 0.51 | N51: 0 | O51: 0 | S51: 0.26 | T51: 9.09 | U51: 3.7 | AE51: 3.1 | AF51: 4.93 | BC51: =SUM(C51:BB51) -> 92.83 | BD51: =AG51*Factors!AG$6+AF51*Factors!AF$6+AH51*Factors!AH$6 -> -2.0758342 | BE51: =BC51+BD51 -> 90.754166
A52: Fluorapatite | B52: Ca5(PO4)3F | O52: 55.52 | AA52: 42.01 | AF52: 3.67 | AL52: 0 | AQ52: 0 | AT52: 0 | AZ52: 0 | BC52: =SUM(C52:BB52) -> 101.2 | BD52: =AG52*Factors!AG$6+AF52*Factors!AF$6+AH52*Factors!AH$6 -> -1.5452965 | BE52: =BC52+BD52 -> 99.654704
A53: Beryl | B53: Be3Al2Si6O18 | C53: 63.29 | H53: 17.76 | J53: 0 | S53: 0 | U53: 0 | W53: 10.79 | AE53: 0 | BC53: =SUM(C53:BB53) -> 91.84 | BD53: =AG53*Factors!AG$6+AF53*Factors!AF$6+AH53*Factors!AH$6 -> 0 | BE53: =BC53+BD53 -> 91.84
A54: Montebrasite | B54: LiAl(PO4)(OH,F) | H54: 34.7 | O54: 0 | S54: 0 | T54: 0 | U54: 9.52 | AA54: 48.31 | AE54: 3.07 | AF54: 1.4 | BC54: =SUM(C54:BB54) -> 97 | BD54: =AG54*Factors!AG$6+AF54*Factors!AF$6+AH54*Factors!AH$6 -> -0.58948638 | BE54: =BC54+BD54 -> 96.410514
A55: Oligoclase (plagioclase An10-30) | B55: (Na,Ca)(Al,Si)4O8 | C55: 60.76 | H55: 21.26 | O55: 2.13 | S55: 8.12 | T55: 0 | AE55: 0 | BC55: =SUM(C55:BB55) -> 92.27 | BD55: =AG55*Factors!AG$6+AF55*Factors!AF$6+AH55*Factors!AH$6 -> 0 | BE55: =BC55+BD55 -> 92.27
A56: Corundum | B56: Al2O3 | H56: 100 | BC56: =SUM(C56:BB56) -> 100 | BD56: =AG56*Factors!AG$6+AF56*Factors!AF$6+AH56*Factors!AH$6 -> 0 | BE56: =BC56+BD56 -> 100
A57: Spodumene | B57: LiAlSi2O6 | C57: 63.6 | H57: 27.4 | I57: 0 | K57: 0 | S57: 0 | U57: 7.79 | AE57: 0 | BC57: =SUM(C57:BB57) -> 98.79 | BD57: =AG57*Factors!AG$6+AF57*Factors!AF$6+AH57*Factors!AH$6 -> 0 | BE57: =BC57+BD57 -> 98.79
A58: Calcite | B58: CaCO3 | J58: 0 | N58: 0 | O58: 53.6 | AD58: 43.97 | BC58: =SUM(C58:BB58) -> 97.57 | BD58: =AG58*Factors!AG$6+AF58*Factors!AF$6+AH58*Factors!AH$6 -> 0 | BE58: =BC58+BD58 -> 97.57
A59: Sphalerite | B59: (Zn,Fe)S | J59: 0 | K59: 0 | L59: 55.6 | AH59: 32.78 | BC59: =SUM(C59:BB59) -> 88.38 | BD59: =AG59*Factors!AG$6+AF59*Factors!AF$6+AH59*Factors!AH$6 -> -16.358304 | BE59: =BC59+BD59 -> 72.021696
A60: Crandallite | B60: CaAl3(PO4)(PO3OH)(OH)6 | H60: 35.15 | N60: 0 | O60: 7.19 | P60: 0 | AA60: 27.09 | AC60: 0 | AE60: 14.48 | BC60: =SUM(C60:BB60) -> 83.91 | BD60: =AG60*Factors!AG$6+AF60*Factors!AF$6+AH60*Factors!AH$6 -> 0 | BE60: =BC60+BD60 -> 83.91
A61: Kesterite | B61: Cu2(Zn,Fe)SnS4 | G61: 32.06 | J61: 0 | L61: 12.67 | M61: 32.56 | AH61: 28.4 | BC61: =SUM(C61:BB61) -> 105.69 | BD61: =AG61*Factors!AG$6+AF61*Factors!AF$6+AH61*Factors!AH$6 -> -14.172539 | BE61: =BC61+BD61 -> 91.517461
A62: Lithiophilite | B62: Li(Mn2+,Fe2+)PO4 | C62: 0 | H62: 0 | J62: 0.16 | K62: 22.55 | S62: 0 | U62: 8.8 | AA62: 44.5 | AE62: 0 | BC62: =SUM(C62:BB62) -> 76.01 | BD62: =AG62*Factors!AG$6+AF62*Factors!AF$6+AH62*Factors!AH$6 -> 0 | BE62: =BC62+BD62 -> 76.01
A63: Rhodochrosite | B63: Mn2+CO3 | J63: 0 | K63: 60.87 | O63: 0 | AD63: 38.26 | BC63: =SUM(C63:BB63) -> 99.13 | BD63: =AG63*Factors!AG$6+AF63*Factors!AF$6+AH63*Factors!AH$6 -> 0 | BE63: =BC63+BD63 -> 99.13
A64: Lower end of the natural range across published analyses. Where no range was found, the typical value is repeated.
A65: Blue = input values (wt%). Empty cell = not reported / below 0.01 wt%. REE as R2O3 (Ce as Ce2O3, except CeO2 for cerianite); F and Cl as element wt%; water as H2O, carbonate as CO2; U as UO2.

Sheet Oxides_max
A1: Mineral | B1: Ideal formula | C1: SiO2 | D1: TiO2 | E1: ZrO2 | F1: HfO2 | G1: SnO2 | H1: Al2O3 | I1: Fe2O3 | J1: FeO | K1: MnO | L1: ZnO | M1: Cu2O | N1: MgO | O1: CaO | P1: SrO | Q1: BaO | R1: PbO | S1: Na2O | T1: K2O | U1: Li2O | V1: B2O3 | W1: BeO | X1: Nb2O5 | Y1: Ta2O5 | Z1: WO3 | AA1: P2O5 | AB1: As2O5 | AC1: SO3 | AD1: CO2 | AE1: H2O | AF1: F | AG1: Cl | AH1: S (sulfide) | AI1: ThO2 | AJ1: UO2 | AK1: Sc2O3 | AL1: Y2O3 | AM1: La2O3 | AN1: Ce2O3 | AO1: CeO2 | AP1: Pr2O3 | AQ1: Nd2O3 | AR1: Sm2O3 | AS1: Eu2O3 | AT1: Gd2O3 | AU1: Tb2O3 | AV1: Dy2O3 | AW1: Ho2O3 | AX1: Er2O3 | AY1: Tm2O3 | AZ1: Yb2O3 | BA1: Lu2O3 | BB1: Bi2O3 | BC1: Sum of oxides | BD1: − O≡F,Cl,S | BE1: Total (wt%)
A2: Monazite-(Ce) | B2: (Ce,La,Nd,Th)PO4 | C2: 5 | H2: 0.3 | J2: 0.5 | O2: 4 | P2: 0.3 | R2: 1.5 | AA2: 31 | AC2: 0.5 | AI2: 20 | AJ2: 2 | AL2: 4 | AM2: 24 | AN2: 37 | AP2: 4 | AQ2: 14 | AR2: 4 | AS2: 0.3 | AT2: 3 | AU2: 0.3 | AV2: 1.5 | AW2: 0.3 | AX2: 0.5 | AY2: 0.05 | AZ2: 0.3 | BA2: 0.05 | BC2: =SUM(C2:BB2) -> 158.4 | BD2: =AG2*Factors!AG$6+AF2*Factors!AF$6+AH2*Factors!AH$6 -> 0 | BE2: =BC2+BD2 -> 158.4
A3: Bastnäsite-(Ce) | B3: (Ce,La)(CO3)F | C3: 1 | J3: 0.6 | O3: 2.5 | P3: 1 | Q3: 1 | AA3: 0.6 | AD3: 21 | AE3: 2 | AF3: 9.5 | AI3: 2.5 | AJ3: 0.05 | AL3: 1.5 | AM3: 37.3 | AN3: 42 | AP3: 5 | AQ3: 16 | AR3: 2.5 | AS3: 0.4 | AT3: 1.2 | AV3: 0.4 | BC3: =SUM(C3:BB3) -> 148.05 | BD3: =AG3*Factors!AG$6+AF3*Factors!AF$6+AH3*Factors!AH$6 -> -4.0000862 | BE3: =BC3+BD3 -> 144.04991
A4: Xenotime-(Y) | B4: YPO4 | C4: 2 | H4: 0.2 | J4: 0.5 | O4: 0.6 | R4: 0.3 | AA4: 36 | AI4: 3 | AJ4: 5 | AL4: 52 | AM4: 0.1 | AN4: 0.3 | AP4: 0.1 | AQ4: 0.5 | AR4: 1 | AS4: 0.2 | AT4: 4.5 | AU4: 1 | AV4: 7 | AW4: 1.8 | AX4: 5.5 | AY4: 1 | AZ4: 7 | BA4: 1.5 | BC4: =SUM(C4:BB4) -> 131.1 | BD4: =AG4*Factors!AG$6+AF4*Factors!AF$6+AH4*Factors!AH$6 -> 0 | BE4: =BC4+BD4 -> 131.1
A5: Parisite-(Ce) | B5: CaCe2(CO3)3F2 | C5: 0.5 | J5: 0.3 | O5: 12 | P5: 1 | Q5: 0.5 | S5: 0.2 | AD5: 25.5 | AF5: 7.5 | AI5: 1.5 | AJ5: 0.05 | AL5: 2 | AM5: 20 | AN5: 33 | AP5: 4 | AQ5: 13.5 | AR5: 2.5 | AS5: 0.5 | AT5: 1.5 | AV5: 0.6 | BC5: =SUM(C5:BB5) -> 126.65 | BD5: =AG5*Factors!AG$6+AF5*Factors!AF$6+AH5*Factors!AH$6 -> -3.1579628 | BE5: =BC5+BD5 -> 123.49204
A6: Synchysite-(Ce) | B6: CaCe(CO3)2F | C6: 1 | J6: 0.5 | O6: 19.5 | P6: 1 | AD6: 29 | AF6: 6.5 | AI6: 2 | AJ6: 0.1 | AL6: 3 | AM6: 17 | AN6: 30 | AP6: 3.5 | AQ6: 13.5 | AR6: 2.5 | AS6: 0.5 | AT6: 2 | AV6: 0.8 | BC6: =SUM(C6:BB6) -> 132.4 | BD6: =AG6*Factors!AG$6+AF6*Factors!AF$6+AH6*Factors!AH$6 -> -2.7369011 | BE6: =BC6+BD6 -> 129.6631
A7: Allanite-(Ce) | B7: CaCe(Al2Fe2+)(Si2O7)(SiO4)O(OH) | C7: 35 | D7: 2.5 | H7: 22 | I7: 12 | J7: 15 | K7: 3 | N7: 3 | O7: 16 | S7: 0.3 | AA7: 0.1 | AE7: 3 | AF7: 0.5 | AI7: 3.5 | AJ7: 0.5 | AL7: 3 | AM7: 13 | AN7: 17 | AP7: 2.3 | AQ7: 7 | AR7: 1.2 | AS7: 0.1 | AT7: 0.7 | AU7: 0.1 | AV7: 0.6 | AW7: 0.12 | AX7: 0.35 | AY7: 0.05 | AZ7: 0.3 | BA7: 0.05 | BC7: =SUM(C7:BB7) -> 162.27 | BD7: =AG7*Factors!AG$6+AF7*Factors!AF$6+AH7*Factors!AH$6 -> -0.21053085 | BE7: =BC7+BD7 -> 162.05947
A8: Fluorapatite (REE-bearing) | B8: Ca5(PO4)3F | C8: 1.5 | J8: 0.6 | K8: 0.5 | O8: 56 | P8: 3 | S8: 0.6 | AA8: 42.5 | AC8: 0.8 | AD8: 1.5 | AE8: 0.5 | AF8: 4 | AG8: 1 | AI8: 0.05 | AJ8: 0.02 | AL8: 0.5 | AM8: 1 | AN8: 1.5 | AP8: 0.2 | AQ8: 0.8 | AR8: 0.15 | AS8: 0.03 | AT8: 0.15 | AV8: 0.1 | AX8: 0.05 | AZ8: 0.03 | BC8: =SUM(C8:BB8) -> 117.08 | BD8: =AG8*Factors!AG$6+AF8*Factors!AF$6+AH8*Factors!AH$6 -> -1.9099027 | BE8: =BC8+BD8 -> 115.1701
A9: Florencite-(Ce) | B9: CeAl3(PO4)2(OH)6 | C9: 2 | H9: 33 | I9: 4 | O9: 4 | P9: 5 | Q9: 2 | AA9: 29 | AC9: 3 | AE9: 13 | AF9: 1.6 | AI9: 3 | AL9: 3 | AM9: 12 | AN9: 20 | AP9: 2.5 | AQ9: 8 | AR9: 2 | AS9: 0.3 | AT9: 1 | AV9: 0.3 | BC9: =SUM(C9:BB9) -> 148.7 | BD9: =AG9*Factors!AG$6+AF9*Factors!AF$6+AH9*Factors!AH$6 -> -0.67369873 | BE9: =BC9+BD9 -> 148.0263
A10: Cerianite-(Ce) | B10: (Ce4+,Th)O2 | C10: 2 | E10: 0.7 | J10: 3 | O10: 2.5 | X10: 2 | Y10: 0.7 | AA10: 2 | AE10: 3 | AI10: 8 | AL10: 1.5 | AM10: 3 | AO10: 98 | AP10: 1 | AQ10: 4 | AZ10: 1.2 | BC10: =SUM(C10:BB10) -> 132.6 | BD10: =AG10*Factors!AG$6+AF10*Factors!AF$6+AH10*Factors!AH$6 -> 0 | BE10: =BC10+BD10 -> 132.6
A11: Pyrochlore (REE-bearing, carbonatite) | B11: (Na,Ca)2Nb2O6(OH,F) | C11: 2.9 | D11: 10 | E11: 6.3 | H11: 0.1 | J11: 2.5 | K11: 1 | N11: 0.3 | O11: 18 | P11: 4 | Q11: 2.3 | R11: 0.5 | S11: 8.2 | T11: 0.1 | X11: 69 | Y11: 6.5 | AE11: 3 | AF11: 5 | AI11: 5.7 | AJ11: 5 | AL11: 0.5 | AM11: 2.5 | AN11: 7.5 | AP11: 0.6 | AQ11: 2.3 | AR11: 0.4 | BC11: =SUM(C11:BB11) -> 164.2 | BD11: =AG11*Factors!AG$6+AF11*Factors!AF$6+AH11*Factors!AH$6 -> -2.1053085 | BE11: =BC11+BD11 -> 162.09469
A12: Ancylite-(Ce) | B12: SrCe(CO3)2(OH)·H2O | J12: 0.4 | O12: 5 | P12: 27 | Q12: 1.5 | AD12: 24.5 | AE12: 7.5 | AF12: 2.2 | AI12: 1.5 | AL12: 0.5 | AM12: 20 | AN12: 27 | AP12: 3 | AQ12: 10 | AR12: 1 | AT12: 0.5 | BC12: =SUM(C12:BB12) -> 131.6 | BD12: =AG12*Factors!AG$6+AF12*Factors!AF$6+AH12*Factors!AH$6 -> -0.92633575 | BE12: =BC12+BD12 -> 130.67366
A13: Ion-adsorption REE clay ore (HREE type) | B13: Quartz + kaolinite/halloysite + residual K-feldspar/mica, REE3+ adsorbed on clays | C13: 75 | D13: 0.8 | H13: 32 | I13: 7 | K13: 0.35 | N13: 1.3 | O13: 0.5 | S13: 2.5 | T13: 6 | AA13: 0.08 | AE13: 14 | AL13: 0.33 | AM13: 0.22 | AN13: 0.05 | AP13: 0.045 | AQ13: 0.16 | AR13: 0.02 | AS13: 0.0025 | AT13: 0.035 | AU13: 0.0065 | AV13: 0.034 | AW13: 0.008 | AX13: 0.025 | AY13: 0.0035 | AZ13: 0.0125 | BA13: 0.002 | BC13: =SUM(C13:BB13) -> 140.484 | BD13: =AG13*Factors!AG$6+AF13*Factors!AF$6+AH13*Factors!AH$6 -> 0 | BE13: =BC13+BD13 -> 140.484
A14: Britholite-(Ce) | B14: (Ce,Ca)5(SiO4,PO4)3(OH,F) | C14: 22 | H14: 0.5 | J14: 1 | K14: 0.5 | O14: 22 | P14: 3 | S14: 2 | AA14: 12 | AE14: 1.5 | AF14: 2.5 | AG14: 0.3 | AI14: 10 | AJ14: 1.5 | AL14: 5 | AM14: 17 | AN14: 33 | AP14: 4 | AQ14: 13 | AR14: 2.5 | AS14: 0.4 | AT14: 2 | AV14: 1 | AX14: 0.5 | AZ14: 0.3 | BC14: =SUM(C14:BB14) -> 157.5 | BD14: =AG14*Factors!AG$6+AF14*Factors!AF$6+AH14*Factors!AH$6 -> -1.120351 | BE14: =BC14+BD14 -> 156.37965
A15: Churchite-(Y) | B15: YPO4·2H2O | C15: 0.5 | H15: 1 | I15: 1.5 | O15: 2 | AA15: 33 | AE15: 17 | AL15: 50 | AM15: 4 | AN15: 1.5 | AP15: 0.5 | AQ15: 4 | AR15: 1 | AS15: 0.3 | AT15: 4 | AU15: 0.8 | AV15: 5 | AW15: 1.2 | AX15: 4 | AY15: 0.6 | AZ15: 4 | BA15: 0.6 | BC15: =SUM(C15:BB15) -> 136.5 | BD15: =AG15*Factors!AG$6+AF15*Factors!AF$6+AH15*Factors!AH$6 -> 0 | BE15: =BC15+BD15 -> 136.5
A16: Rhabdophane-(Ce) | B16: (Ce,La)PO4·H2O | C16: 4 | H16: 2 | I16: 1.5 | O16: 4 | P16: 1 | R16: 0.2 | AA16: 30 | AE16: 9 | AI16: 8 | AJ16: 0.5 | AL16: 4 | AM16: 20 | AN16: 35 | AP16: 4 | AQ16: 21 | AR16: 4 | AS16: 1.8 | AT16: 3.5 | AU16: 0.4 | AV16: 1.7 | AW16: 0.4 | AX16: 1.1 | AY16: 0.5 | AZ16: 0.5 | BA16: 0.1 | BC16: =SUM(C16:BB16) -> 158.2 | BD16: =AG16*Factors!AG$6+AF16*Factors!AF$6+AH16*Factors!AH$6 -> 0 | BE16: =BC16+BD16 -> 158.2
A17: Fluocerite-(Ce) | B17: CeF3 | C17: 0.5 | I17: 0.3 | O17: 1 | AF17: 29.5 | AI17: 2 | AL17: 1 | AM17: 33 | AN17: 55 | AP17: 5.5 | AQ17: 14 | AR17: 2 | AS17: 0.2 | AT17: 1 | BC17: =SUM(C17:BB17) -> 145 | BD17: =AG17*Factors!AG$6+AF17*Factors!AF$6+AH17*Factors!AH$6 -> -12.42132 | BE17: =BC17+BD17 -> 132.57868
A18: Cerite-(Ce) | B18: (Ce,La,Ca)9(Mg,Fe3+)(SiO4)3(SiO3OH)4(OH)3 | C18: 24 | D18: 0.1 | H18: 1.5 | I18: 4 | K18: 0.3 | N18: 2.5 | O18: 6 | P18: 2 | Q18: 0.5 | S18: 0.3 | T18: 0.2 | AA18: 1 | AC18: 0.2 | AE18: 3.5 | AF18: 0.8 | AI18: 1 | AL18: 1.5 | AM18: 38 | AN18: 38 | AP18: 4 | AQ18: 13 | AR18: 2 | AS18: 0.2 | AT18: 1.2 | AU18: 0.1 | AV18: 0.5 | AX18: 0.2 | AZ18: 0.1 | BC18: =SUM(C18:BB18) -> 146.7 | BD18: =AG18*Factors!AG$6+AF18*Factors!AF$6+AH18*Factors!AH$6 -> -0.33684936 | BE18: =BC18+BD18 -> 146.36315
A19: Eudialyte (REE-bearing) | B19: Na15Ca6(Fe2+,Mn2+)3Zr3Si(Si25O73)(O,OH,H2O)3(Cl,OH)2 | C19: 53 | D19: 1.5 | E19: 16 | F19: 0.5 | H19: 0.5 | I19: 1 | J19: 7 | K19: 5 | N19: 0.3 | O19: 12 | P19: 3.5 | Q19: 0.7 | S19: 17.5 | T19: 1.4 | X19: 3 | AC19: 0.6 | AE19: 2.5 | AF19: 0.3 | AG19: 1.9 | AI19: 0.1 | AJ19: 0.16 | AL19: 3.5 | AM19: 2.5 | AN19: 3.5 | AP19: 0.5 | AQ19: 1.5 | AR19: 0.3 | AS19: 0.1 | AT19: 0.35 | AU19: 0.05 | AV19: 0.35 | AW19: 0.07 | AX19: 0.25 | AY19: 0.04 | AZ19: 0.3 | BA19: 0.05 | BC19: =SUM(C19:BB19) -> 141.82 | BD19: =AG19*Factors!AG$6+AF19*Factors!AF$6+AH19*Factors!AH$6 -> -0.55506463 | BE19: =BC19+BD19 -> 141.26494
A20: Gadolinite-(Y) | B20: Y2Fe2+Be2Si2O10 | C20: 26 | I20: 3.5 | J20: 14 | K20: 0.7 | N20: 0.5 | O20: 3 | S20: 0.5 | W20: 10.5 | AE20: 2 | AI20: 1.5 | AJ20: 0.5 | AL20: 46 | AM20: 5 | AN20: 11.1 | AP20: 1.5 | AQ20: 6 | AR20: 3 | AS20: 0.6 | AT20: 4 | AU20: 1.1 | AV20: 6 | AW20: 2 | AX20: 4.5 | AY20: 0.8 | AZ20: 4.5 | BA20: 0.8 | BC20: =SUM(C20:BB20) -> 159.6 | BD20: =AG20*Factors!AG$6+AF20*Factors!AF$6+AH20*Factors!AH$6 -> 0 | BE20: =BC20+BD20 -> 159.6
A21: Zircon (HREE-bearing) | B21: ZrSiO4 (+ xenotime-type (Y,HREE)3+ + P5+ = Zr4+ + Si4+) | C21: 33.5 | E21: 67.5 | F21: 6 | H21: 1 | J21: 2 | K21: 0.1 | O21: 2.5 | R21: 0.9 | S21: 0.3 | X21: 0.5 | AA21: 6 | AB21: 0.3 | AE21: 5 | AF21: 1.2 | AI21: 1.5 | AJ21: 3.5 | AK21: 0.5 | AL21: 8 | AM21: 0.05 | AN21: 0.5 | AP21: 0.06 | AQ21: 0.15 | AR21: 0.15 | AS21: 0.03 | AT21: 0.5 | AU21: 0.15 | AV21: 1.2 | AW21: 0.25 | AX21: 1 | AY21: 0.2 | AZ21: 2.2 | BA21: 0.35 | BB21: 0.15 | BC21: =SUM(C21:BB21) -> 147.24 | BD21: =AG21*Factors!AG$6+AF21*Factors!AF$6+AH21*Factors!AH$6 -> -0.50527404 | BE21: =BC21+BD21 -> 146.73473
A22: Aeschynite-(Ce) | B22: (Ce,Ca,Fe,Th)(Ti,Nb)2(O,OH)6 | C22: 0.8 | D22: 44 | E22: 2.6 | G22: 0.2 | I22: 6.7 | J22: 4.3 | K22: 1.25 | O22: 3 | X22: 30 | Y22: 7 | AE22: 3.2 | AF22: 0.5 | AI22: 16 | AJ22: 1 | AL22: 6.3 | AM22: 14.2 | AN22: 21.8 | AP22: 2.5 | AQ22: 17.5 | AR22: 3.2 | AS22: 1.5 | AT22: 3.1 | AV22: 1.8 | AX22: 0.2 | AZ22: 0.2 | BC22: =SUM(C22:BB22) -> 192.85 | BD22: =AG22*Factors!AG$6+AF22*Factors!AF$6+AH22*Factors!AH$6 -> -0.21053085 | BE22: =BC22+BD22 -> 192.63947
A23: Euxenite-(Y) | B23: (Y,Ca,Ce,U,Th)(Nb,Ta,Ti)2O6 | C23: 0.8 | D23: 24 | E23: 0.1 | G23: 0.4 | H23: 0.15 | I23: 1.4 | J23: 1 | K23: 0.6 | N23: 0.15 | O23: 4.9 | R23: 0.6 | S23: 0.2 | T23: 0.1 | X23: 42 | Y23: 15 | Z23: 0.3 | AE23: 3 | AI23: 5 | AJ23: 12 | AK23: 0.1 | AL23: 22 | AM23: 0.2 | AN23: 1.5 | AP23: 0.3 | AQ23: 1.5 | AR23: 1.8 | AS23: 0.6 | AT23: 2.2 | AU23: 0.5 | AV23: 2.8 | AW23: 0.6 | AX23: 1.8 | AY23: 0.5 | AZ23: 2.2 | BA23: 0.4 | BC23: =SUM(C23:BB23) -> 150.7 | BD23: =AG23*Factors!AG$6+AF23*Factors!AF$6+AH23*Factors!AH$6 -> 0 | BE23: =BC23+BD23 -> 150.7
A24: Fergusonite-(Y) | B24: YNbO4 | C24: 1 | D24: 4.7 | G24: 0.5 | J24: 4.5 | O24: 1.8 | X24: 48 | Y24: 6.3 | Z24: 0.2 | AE24: 2 | AI24: 6 | AJ24: 4.7 | AL24: 30.6 | AM24: 0.2 | AN24: 2 | AP24: 0.4 | AQ24: 3.1 | AR24: 1.6 | AS24: 0.15 | AT24: 2.5 | AU24: 0.7 | AV24: 5.8 | AW24: 1.35 | AX24: 5 | AY24: 0.9 | AZ24: 5.6 | BA24: 0.66 | BC24: =SUM(C24:BB24) -> 140.26 | BD24: =AG24*Factors!AG$6+AF24*Factors!AF$6+AH24*Factors!AH$6 -> 0 | BE24: =BC24+BD24 -> 140.26
A25: Loparite-(Ce) | B25: (Na,Ce,Sr)(Ce,Th)(Ti,Nb)2O6 | C25: 0.4 | D25: 43 | E25: 0.2 | H25: 0.2 | I25: 0.6 | J25: 0.9 | O25: 5.5 | P25: 7.1 | S25: 10.7 | T25: 0.15 | X25: 17.6 | Y25: 1.2 | AF25: 0.1 | AI25: 5.2 | AJ25: 0.34 | AM25: 13.8 | AN25: 22 | AP25: 2.8 | AQ25: 6.3 | AR25: 0.5 | BC25: =SUM(C25:BB25) -> 138.59 | BD25: =AG25*Factors!AG$6+AF25*Factors!AF$6+AH25*Factors!AH$6 -> -0.04210617 | BE25: =BC25+BD25 -> 138.54789
A26: Samarskite-(Y) | B26: YFe3+Nb2O8 | C26: 0.5 | D26: 6.5 | E26: 1.1 | G26: 2 | H26: 0.3 | I26: 6.1 | J26: 11.2 | K26: 1.6 | N26: 0.4 | O26: 1.2 | R26: 0.2 | S26: 0.3 | T26: 0.2 | X26: 42 | Y26: 32 | Z26: 3.7 | AE26: 3 | AI26: 4 | AJ26: 21 | AK26: 1 | AL26: 12.9 | AM26: 0.4 | AN26: 0.5 | AP26: 0.3 | AQ26: 1.2 | AR26: 1.9 | AS26: 0.2 | AT26: 2 | AU26: 0.45 | AV26: 2 | AW26: 0.35 | AX26: 1 | AY26: 0.3 | AZ26: 1.9 | BA26: 0.45 | BC26: =SUM(C26:BB26) -> 164.15 | BD26: =AG26*Factors!AG$6+AF26*Factors!AF$6+AH26*Factors!AH$6 -> 0 | BE26: =BC26+BD26 -> 164.15
A27: Albite | B27: NaAlSi3O8 | C27: 68.74 | H27: 21.26 | O27: 2.13 | S27: 11.82 | T27: 0.5 | BC27: =SUM(C27:BB27) -> 104.45 | BD27: =AG27*Factors!AG$6+AF27*Factors!AF$6+AH27*Factors!AH$6 -> 0 | BE27: =BC27+BD27 -> 104.45
A28: Zircon | B28: ZrSiO4 | C28: 32.86 | E28: 67.22 | F28: 1.15 | AI28: 0.01 | AJ28: 0.03 | BC28: =SUM(C28:BB28) -> 101.27 | BD28: =AG28*Factors!AG$6+AF28*Factors!AF$6+AH28*Factors!AH$6 -> 0 | BE28: =BC28+BD28 -> 101.27
A29: Muscovite | B29: KAl2(Si3Al)O10(OH)2 | C29: 45.87 | H29: 38.69 | N29: 0.1 | S29: 0.64 | T29: 11.82 | AE29: 4.67 | BC29: =SUM(C29:BB29) -> 101.79 | BD29: =AG29*Factors!AG$6+AF29*Factors!AF$6+AH29*Factors!AH$6 -> 0 | BE29: =BC29+BD29 -> 101.79
A30: Quartz | B30: SiO2 | C30: 100 | BC30: =SUM(C30:BB30) -> 100 | BD30: =AG30*Factors!AG$6+AF30*Factors!AF$6+AH30*Factors!AH$6 -> 0 | BE30: =BC30+BD30 -> 100
A31: Aegirine | B31: NaFe3+Si2O6 | C31: 52.02 | D31: 1.1 | H31: 2.15 | I31: 34.57 | J31: 2.24 | N31: 0.1 | O31: 1.25 | S31: 13.41 | T31: 0.15 | AE31: 0.29 | BC31: =SUM(C31:BB31) -> 107.28 | BD31: =AG31*Factors!AG$6+AF31*Factors!AF$6+AH31*Factors!AH$6 -> 0 | BE31: =BC31+BD31 -> 107.28
A32: Pachnolite | B32: NaCaAlF6·H2O | H32: 25.05 | O32: 25.26 | S32: 14.06 | AE32: 8.42 | AF32: 51.34 | BC32: =SUM(C32:BB32) -> 124.13 | BD32: =AG32*Factors!AG$6+AF32*Factors!AF$6+AH32*Factors!AH$6 -> -21.617308 | BE32: =BC32+BD32 -> 102.51269
A33: Orthoclase | B33: KAlSi3O8 | C33: 65.39 | H33: 18.45 | Q33: 0.02 | S33: 1.08 | T33: 16.92 | BC33: =SUM(C33:BB33) -> 101.86 | BD33: =AG33*Factors!AG$6+AF33*Factors!AF$6+AH33*Factors!AH$6 -> 0 | BE33: =BC33+BD33 -> 101.86
A34: Hematite | B34: α-Fe2O3 | I34: 100 | J34: 1.29 | K34: 0.87 | BC34: =SUM(C34:BB34) -> 102.16 | BD34: =AG34*Factors!AG$6+AF34*Factors!AF$6+AH34*Factors!AH$6 -> 0 | BE34: =BC34+BD34 -> 102.16
A35: Magnetite | B35: Fe2+Fe3+2O4 | C35: 0.27 | D35: 0.29 | H35: 0.44 | I35: 68.97 | J35: 31.21 | K35: 0.09 | N35: 0.02 | BC35: =SUM(C35:BB35) -> 101.29 | BD35: =AG35*Factors!AG$6+AF35*Factors!AF$6+AH35*Factors!AH$6 -> 0 | BE35: =BC35+BD35 -> 101.29
A36: Thorite | B36: (Th,U)SiO4 | C36: 18.54 | D36: 0.1 | H36: 1.29 | J36: 0.59 | N36: 0.01 | R36: 0.1 | AE36: 0.86 | AI36: 81.46 | AJ36: 8.36 | AN36: 0.54 | BC36: =SUM(C36:BB36) -> 111.85 | BD36: =AG36*Factors!AG$6+AF36*Factors!AF$6+AH36*Factors!AH$6 -> 0 | BE36: =BC36+BD36 -> 111.85
A37: Cryolite | B37: Na3AlF6 | H37: 24.58 | S37: 44.28 | AF37: 54.3 | BC37: =SUM(C37:BB37) -> 123.16 | BD37: =AG37*Factors!AG$6+AF37*Factors!AF$6+AH37*Factors!AH$6 -> -22.863651 | BE37: =BC37+BD37 -> 100.29635
A38: Cassiterite | B38: SnO2 | C38: 0.18 | D38: 0.01 | G38: 100 | J38: 0.11 | X38: 0.03 | Y38: 0.01 | Z38: 0.01 | BC38: =SUM(C38:BB38) -> 100.35 | BD38: =AG38*Factors!AG$6+AF38*Factors!AF$6+AH38*Factors!AH$6 -> 0 | BE38: =BC38+BD38 -> 100.35
A39: Nepheline | B39: (Na,K)AlSiO4 | C39: 43.55 | H39: 34.66 | N39: 0.05 | O39: 4.44 | S39: 12.09 | T39: 4.87 | AE39: 0.5 | BC39: =SUM(C39:BB39) -> 100.16 | BD39: =AG39*Factors!AG$6+AF39*Factors!AF$6+AH39*Factors!AH$6 -> 0 | BE39: =BC39+BD39 -> 100.16
A40: Hendricksite (Zn-mica) | B40: K(Zn,Mn)3Si3AlO10(OH)2 | C40: 31.9 | D40: 0.35 | H40: 13.72 | I40: 4.9 | J40: 0.34 | K40: 12.5 | L40: 22.97 | N40: 3.69 | O40: 0.02 | Q40: 0.65 | S40: 0.24 | T40: 8.6 | AE40: 4.6 | AF40: 0.45 | BC40: =SUM(C40:BB40) -> 104.93 | BD40: =AG40*Factors!AG$6+AF40*Factors!AF$6+AH40*Factors!AH$6 -> -0.18947777 | BE40: =BC40+BD40 -> 104.74052
A41: Plumbopyrochlore (hydroxyplumbopyrochlore) | B41: (Pb,□)2Nb2O6(OH) | C41: 0.05 | D41: 1.68 | J41: 0.17 | O41: 0.32 | P41: 0.16 | R41: 51.69 | X41: 40.06 | Y41: 4.74 | AE41: 0.95 | AN41: 0.07 | AP41: 0.02 | BC41: =SUM(C41:BB41) -> 99.91 | BD41: =AG41*Factors!AG$6+AF41*Factors!AF$6+AH41*Factors!AH$6 -> 0 | BE41: =BC41+BD41 -> 99.91
A42: Biotite (Fe-rich, annite) | B42: K(Fe2+,Mg)3AlSi3O10(OH,F)2 | C42: 35.21 | D42: 1.48 | H42: 17.24 | J42: 42.11 | K42: 1.77 | N42: 3.4 | O42: 0.15 | S42: 0.28 | T42: 9.2 | AE42: 3.52 | AF42: 2.22 | AG42: 0.24 | BC42: =SUM(C42:BB42) -> 116.82 | BD42: =AG42*Factors!AG$6+AF42*Factors!AF$6+AH42*Factors!AH$6 -> -0.98891439 | BE42: =BC42+BD42 -> 115.83109
A43: Columbite-(Fe) | B43: Fe2+Nb2O6 | D43: 1.3 | G43: 0.67 | J43: 21.28 | K43: 5.97 | O43: 0.58 | X43: 78.72 | Y43: 28.68 | Z43: 0.28 | BC43: =SUM(C43:BB43) -> 137.48 | BD43: =AG43*Factors!AG$6+AF43*Factors!AF$6+AH43*Factors!AH$6 -> 0 | BE43: =BC43+BD43 -> 137.48
A44: Columbite-(Mn) | B44: Mn2+Nb2O6 | D44: 1.9 | G44: 0.88 | J44: 8.6 | K44: 21.07 | S44: 0.02 | X44: 78.93 | Y44: 31.2 | BC44: =SUM(C44:BB44) -> 142.6 | BD44: =AG44*Factors!AG$6+AF44*Factors!AF$6+AH44*Factors!AH$6 -> 0 | BE44: =BC44+BD44 -> 142.6
A45: Spessartine | B45: Mn2+3Al2(SiO4)3 | C45: 36.41 | H45: 21.5 | K45: 42.99 | O45: 1.02 | AE45: 0.86 | BC45: =SUM(C45:BB45) -> 102.78 | BD45: =AG45*Factors!AG$6+AF45*Factors!AF$6+AH45*Factors!AH$6 -> 0 | BE45: =BC45+BD45 -> 102.78
A46: Schorl | B46: NaFe2+3Al6(BO3)3Si6O18(OH)4 | C46: 36.04 | D46: 0.54 | H46: 30.83 | J46: 20.46 | K46: 0.11 | N46: 0.42 | O46: 1.01 | S46: 2.94 | T46: 0.05 | V46: 10.43 | AE46: 3.42 | BC46: =SUM(C46:BB46) -> 106.25 | BD46: =AG46*Factors!AG$6+AF46*Factors!AF$6+AH46*Factors!AH$6 -> 0 | BE46: =BC46+BD46 -> 106.25
A47: Kaolinite | B47: Al2Si2O5(OH)4 | C47: 46.55 | H47: 39.55 | I47: 0.57 | J47: 0.18 | N47: 0.14 | O47: 0.41 | T47: 0.03 | AE47: 14.09 | BC47: =SUM(C47:BB47) -> 101.52 | BD47: =AG47*Factors!AG$6+AF47*Factors!AF$6+AH47*Factors!AH$6 -> 0 | BE47: =BC47+BD47 -> 101.52
A48: Elbaite (Li-tourmaline) | B48: Na(Li1.5Al1.5)Al6(BO3)3Si6O18(OH)4 | C48: 38.49 | D48: 0.04 | H48: 43.85 | J48: 0.11 | K48: 0.11 | O48: 0.07 | S48: 3.31 | U48: 2.39 | V48: 11.15 | AE48: 3.85 | AF48: 0.1 | BC48: =SUM(C48:BB48) -> 103.47 | BD48: =AG48*Factors!AG$6+AF48*Factors!AF$6+AH48*Factors!AH$6 -> -0.04210617 | BE48: =BC48+BD48 -> 103.42789
A49: Clinochlore (Mg-chlorite) | B49: (Mg,Fe2+)5Al(Si3Al)O10(OH)8 | C49: 33.83 | H49: 12.95 | I49: 2.25 | J49: 3.02 | N49: 35.36 | O49: 1.24 | AE49: 13.11 | BC49: =SUM(C49:BB49) -> 101.76 | BD49: =AG49*Factors!AG$6+AF49*Factors!AF$6+AH49*Factors!AH$6 -> 0 | BE49: =BC49+BD49 -> 101.76
A50: Chamosite (Fe-chlorite) | B50: (Fe2+,Mg)5Al(Si3Al)O10(OH)8 | C50: 26.65 | H50: 18.23 | I50: 6.69 | J50: 34.43 | K50: 0.04 | N50: 11.35 | O50: 0.42 | S50: 0.17 | T50: 0.17 | AE50: 11.65 | BC50: =SUM(C50:BB50) -> 109.8 | BD50: =AG50*Factors!AG$6+AF50*Factors!AF$6+AH50*Factors!AH$6 -> 0 | BE50: =BC50+BD50 -> 109.8
A51: Lepidolite | B51: K(Li,Al)3(Si,Al)4O10(F,OH)2 | C51: 51.45 | H51: 28.93 | I51: 0.16 | J51: 0.04 | K51: 0.92 | N51: 0.53 | O51: 0.2 | S51: 0.87 | T51: 10.02 | U51: 5.42 | AE51: 3.2 | AF51: 7.4 | BC51: =SUM(C51:BB51) -> 109.14 | BD51: =AG51*Factors!AG$6+AF51*Factors!AF$6+AH51*Factors!AH$6 -> -3.1158566 | BE51: =BC51+BD51 -> 106.02414
A52: Fluorapatite | B52: Ca5(PO4)3F | O52: 55.6 | AA52: 42.22 | AF52: 3.89 | AL52: 0.1 | AQ52: 0.06 | AT52: 0.06 | AZ52: 0.06 | BC52: =SUM(C52:BB52) -> 101.99 | BD52: =AG52*Factors!AG$6+AF52*Factors!AF$6+AH52*Factors!AH$6 -> -1.63793 | BE52: =BC52+BD52 -> 100.35207
A53: Beryl | B53: Be3Al2Si6O18 | C53: 67.07 | H53: 18.97 | J53: 1.16 | S53: 1.23 | U53: 1.3 | W53: 13.96 | AE53: 1.1 | BC53: =SUM(C53:BB53) -> 104.79 | BD53: =AG53*Factors!AG$6+AF53*Factors!AF$6+AH53*Factors!AH$6 -> 0 | BE53: =BC53+BD53 -> 104.79
A54: Montebrasite | B54: LiAl(PO4)(OH,F) | H54: 35.1 | O54: 0.08 | S54: 0.14 | T54: 0.01 | U54: 10.17 | AA54: 49.11 | AE54: 5.32 | AF54: 6.47 | BC54: =SUM(C54:BB54) -> 106.4 | BD54: =AG54*Factors!AG$6+AF54*Factors!AF$6+AH54*Factors!AH$6 -> -2.7242692 | BE54: =BC54+BD54 -> 103.67573
A55: Oligoclase (plagioclase An10-30) | B55: (Na,Ca)(Al,Si)4O8 | C55: 66.04 | H55: 24.82 | O55: 6.3 | S55: 10.57 | T55: 0.68 | AE55: 0.09 | BC55: =SUM(C55:BB55) -> 108.5 | BD55: =AG55*Factors!AG$6+AF55*Factors!AF$6+AH55*Factors!AH$6 -> 0 | BE55: =BC55+BD55 -> 108.5
A56: Corundum | B56: Al2O3 | H56: 100 | BC56: =SUM(C56:BB56) -> 100 | BD56: =AG56*Factors!AG$6+AF56*Factors!AF$6+AH56*Factors!AH$6 -> 0 | BE56: =BC56+BD56 -> 100
A57: Spodumene | B57: LiAlSi2O6 | C57: 64.58 | H57: 27.48 | I57: 0.04 | K57: 0.14 | S57: 0.22 | U57: 8.03 | AE57: 0.17 | BC57: =SUM(C57:BB57) -> 100.66 | BD57: =AG57*Factors!AG$6+AF57*Factors!AF$6+AH57*Factors!AH$6 -> 0 | BE57: =BC57+BD57 -> 100.66
A58: Calcite | B58: CaCO3 | J58: 0.43 | N58: 1.74 | O58: 56.03 | AD58: 44.22 | BC58: =SUM(C58:BB58) -> 102.42 | BD58: =AG58*Factors!AG$6+AF58*Factors!AF$6+AH58*Factors!AH$6 -> 0 | BE58: =BC58+BD58 -> 102.42
A59: Sphalerite | B59: (Zn,Fe)S | J59: 23.48 | K59: 3.43 | L59: 83.52 | AH59: 33.57 | BC59: =SUM(C59:BB59) -> 144 | BD59: =AG59*Factors!AG$6+AF59*Factors!AF$6+AH59*Factors!AH$6 -> -16.75254 | BE59: =BC59+BD59 -> 127.24746
A60: Crandallite | B60: CaAl3(PO4)(PO3OH)(OH)6 | H60: 38.71 | N60: 0.94 | O60: 13.55 | P60: 10.53 | AA60: 34.28 | AC60: 3.8 | AE60: 20.15 | BC60: =SUM(C60:BB60) -> 121.96 | BD60: =AG60*Factors!AG$6+AF60*Factors!AF$6+AH60*Factors!AH$6 -> 0 | BE60: =BC60+BD60 -> 121.96
A61: Kesterite | B61: Cu2(Zn,Fe)SnS4 | G61: 35.64 | J61: 4.01 | L61: 18.52 | M61: 34.41 | AH61: 29.19 | BC61: =SUM(C61:BB61) -> 121.77 | BD61: =AG61*Factors!AG$6+AF61*Factors!AF$6+AH61*Factors!AH$6 -> -14.566775 | BE61: =BC61+BD61 -> 107.20322
A62: Lithiophilite | B62: Li(Mn2+,Fe2+)PO4 | C62: 0.09 | H62: 0.07 | J62: 22.84 | K62: 46.4 | S62: 0.24 | U62: 9.5 | AA62: 45.11 | AE62: 0.65 | BC62: =SUM(C62:BB62) -> 124.9 | BD62: =AG62*Factors!AG$6+AF62*Factors!AF$6+AH62*Factors!AH$6 -> 0 | BE62: =BC62+BD62 -> 124.9
A63: Rhodochrosite | B63: Mn2+CO3 | J63: 0.77 | K63: 61.71 | O63: 0.51 | AD63: 38.29 | BC63: =SUM(C63:BB63) -> 101.28 | BD63: =AG63*Factors!AG$6+AF63*Factors!AF$6+AH63*Factors!AH$6 -> 0 | BE63: =BC63+BD63 -> 101.28
A64: Upper end of the natural range across published analyses. Where no range was found, the typical value is repeated.
A65: Blue = input values (wt%). Empty cell = not reported / below 0.01 wt%. REE as R2O3 (Ce as Ce2O3, except CeO2 for cerianite); F and Cl as element wt%; water as H2O, carbonate as CO2; U as UO2.

Sheet Concentrations
A1: Name * | B1: O | C1: Si | D1: Ti | E1: Zr | F1: Hf | G1: Sn | H1: Al | I1: Fe | J1: Mn | K1: Zn | L1: Cu | M1: Mg | N1: Ca | O1: Sr | P1: Ba | Q1: Pb | R1: Na | S1: K | T1: Li | U1: B | V1: Be | W1: Nb | X1: Ta | Y1: W | Z1: P | AA1: As | AB1: S | AC1: C | AD1: H | AE1: F | AF1: Cl | AG1: Th | AH1: U | AI1: Sc | AJ1: Y | AK1: La | AL1: Ce | AM1: Pr | AN1: Nd | AO1: Sm | AP1: Eu | AQ1: Gd | AR1: Tb | AS1: Dy | AT1: Ho | AU1: Er | AV1: Tm | AW1: Yb | AX1: Lu | AY1: Bi | AZ1: Total
A2: Monazite-(Ce) | B2: =MAX(0,(SUMPRODUCT(Oxides_min!$C2:$BB2,Factors!$C$9:$BB$9)+SUMPRODUCT(Oxides_max!$C2:$BB2,Factors!$C$9:$BB$9))/2) -> 29.409388 | C2: =MAX(0,(SUMPRODUCT(Oxides_min!$C2:$BB2,Factors!$C$10:$BB$10)+SUMPRODUCT(Oxides_max!$C2:$BB2,Factors!$C$10:$BB$10))/2) -> 1.1802777 | D2: =MAX(0,(SUMPRODUCT(Oxides_min!$C2:$BB2,Factors!$C$11:$BB$11)+SUMPRODUCT(Oxides_max!$C2:$BB2,Factors!$C$11:$BB$11))/2) -> 0 | E2: =MAX(0,(SUMPRODUCT(Oxides_min!$C2:$BB2,Factors!$C$12:$BB$12)+SUMPRODUCT(Oxides_max!$C2:$BB2,Factors!$C$12:$BB$12))/2) -> 0 | F2: =MAX(0,(SUMPRODUCT(Oxides_min!$C2:$BB2,Factors!$C$13:$BB$13)+SUMPRODUCT(Oxides_max!$C2:$BB2,Factors!$C$13:$BB$13))/2) -> 0 | G2: =MAX(0,(SUMPRODUCT(Oxides_min!$C2:$BB2,Factors!$C$14:$BB$14)+SUMPRODUCT(Oxides_max!$C2:$BB2,Factors!$C$14:$BB$14))/2) -> 0 | H2: =MAX(0,(SUMPRODUCT(Oxides_min!$C2:$BB2,Factors!$C$15:$BB$15)+SUMPRODUCT(Oxides_max!$C2:$BB2,Factors!$C$15:$BB$15))/2) -> 0.079388539 | I2: =MAX(0,(SUMPRODUCT(Oxides_min!$C2:$BB2,Factors!$C$16:$BB$16)+SUMPRODUCT(Oxides_max!$C2:$BB2,Factors!$C$16:$BB$16))/2) -> 0.19432729 | J2: =MAX(0,(SUMPRODUCT(Oxides_min!$C2:$BB2,Factors!$C$17:$BB$17)+SUMPRODUCT(Oxides_max!$C2:$BB2,Factors!$C$17:$BB$17))/2) -> 0 | K2: =MAX(0,(SUMPRODUCT(Oxides_min!$C2:$BB2,Factors!$C$18:$BB$18)+SUMPRODUCT(Oxides_max!$C2:$BB2,Factors!$C$18:$BB$18))/2) -> 0 | L2: =MAX(0,(SUMPRODUCT(Oxides_min!$C2:$BB2,Factors!$C$19:$BB$19)+SUMPRODUCT(Oxides_max!$C2:$BB2,Factors!$C$19:$BB$19))/2) -> 0 | M2: =MAX(0,(SUMPRODUCT(Oxides_min!$C2:$BB2,Factors!$C$20:$BB$20)+SUMPRODUCT(Oxides_max!$C2:$BB2,Factors!$C$20:$BB$20))/2) -> 0 | N2: =MAX(0,(SUMPRODUCT(Oxides_min!$C2:$BB2,Factors!$C$21:$BB$21)+SUMPRODUCT(Oxides_max!$C2:$BB2,Factors!$C$21:$BB$21))/2) -> 1.4651265 | O2: =MAX(0,(SUMPRODUCT(Oxides_min!$C2:$BB2,Factors!$C$22:$BB$22)+SUMPRODUCT(Oxides_max!$C2:$BB2,Factors!$C$22:$BB$22))/2) -> 0.12683967 | P2: =MAX(0,(SUMPRODUCT(Oxides_min!$C2:$BB2,Factors!$C$23:$BB$23)+SUMPRODUCT(Oxides_max!$C2:$BB2,Factors!$C$23:$BB$23))/2) -> 0 | Q2: =MAX(0,(SUMPRODUCT(Oxides_min!$C2:$BB2,Factors!$C$24:$BB$24)+SUMPRODUCT(Oxides_max!$C2:$BB2,Factors!$C$24:$BB$24))/2) -> 0.70088128 | R2: =MAX(0,(SUMPRODUCT(Oxides_min!$C2:$BB2,Factors!$C$25:$BB$25)+SUMPRODUCT(Oxides_max!$C2:$BB2,Factors!$C$25:$BB$25))/2) -> 0 | S2: =MAX(0,(SUMPRODUCT(Oxides_min!$C2:$BB2,Factors!$C$26:$BB$26)+SUMPRODUCT(Oxides_max!$C2:$BB2,Factors!$C$26:$BB$26))/2) -> 0 | T2: =MAX(0,(SUMPRODUCT(Oxides_min!$C2:$BB2,Factors!$C$27:$BB$27)+SUMPRODUCT(Oxides_max!$C2:$BB2,Factors!$C$27:$BB$27))/2) -> 0 | U2: =MAX(0,(SUMPRODUCT(Oxides_min!$C2:$BB2,Factors!$C$28:$BB$28)+SUMPRODUCT(Oxides_max!$C2:$BB2,Factors!$C$28:$BB$28))/2) -> 0 | V2: =MAX(0,(SUMPRODUCT(Oxides_min!$C2:$BB2,Factors!$C$29:$BB$29)+SUMPRODUCT(Oxides_max!$C2:$BB2,Factors!$C$29:$BB$29))/2) -> 0 | W2: =MAX(0,(SUMPRODUCT(Oxides_min!$C2:$BB2,Factors!$C$30:$BB$30)+SUMPRODUCT(Oxides_max!$C2:$BB2,Factors!$C$30:$BB$30))/2) -> 0 | X2: =MAX(0,(SUMPRODUCT(Oxides_min!$C2:$BB2,Factors!$C$31:$BB$31)+SUMPRODUCT(Oxides_max!$C2:$BB2,Factors!$C$31:$BB$31))/2) -> 0 | Y2: =MAX(0,(SUMPRODUCT(Oxides_min!$C2:$BB2,Factors!$C$32:$BB$32)+SUMPRODUCT(Oxides_max!$C2:$BB2,Factors!$C$32:$BB$32))/2) -> 0 | Z2: =MAX(0,(SUMPRODUCT(Oxides_min!$C2:$BB2,Factors!$C$33:$BB$33)+SUMPRODUCT(Oxides_max!$C2:$BB2,Factors!$C$33:$BB$33))/2) -> 12.219951 | AA2: =MAX(0,(SUMPRODUCT(Oxides_min!$C2:$BB2,Factors!$C$34:$BB$34)+SUMPRODUCT(Oxides_max!$C2:$BB2,Factors!$C$34:$BB$34))/2) -> 0 | AB2: =MAX(0,(SUMPRODUCT(Oxides_min!$C2:$BB2,Factors!$C$35:$BB$35)+SUMPRODUCT(Oxides_max!$C2:$BB2,Factors!$C$35:$BB$35))/2) -> 0.10011617 | AC2: =MAX(0,(SUMPRODUCT(Oxides_min!$C2:$BB2,Factors!$C$36:$BB$36)+SUMPRODUCT(Oxides_max!$C2:$BB2,Factors!$C$36:$BB$36))/2) -> 0 | AD2: =MAX(0,(SUMPRODUCT(Oxides_min!$C2:$BB2,Factors!$C$37:$BB$37)+SUMPRODUCT(Oxides_max!$C2:$BB2,Factors!$C$37:$BB$37))/2) -> 0 | AE2: =MAX(0,(SUMPRODUCT(Oxides_min!$C2:$BB2,Factors!$C$38:$BB$38)+SUMPRODUCT(Oxides_max!$C2:$BB2,Factors!$C$38:$BB$38))/2) -> 0 | AF2: =MAX(0,(SUMPRODUCT(Oxides_min!$C2:$BB2,Factors!$C$39:$BB$39)+SUMPRODUCT(Oxides_max!$C2:$BB2,Factors!$C$39:$BB$39))/2) -> 0 | AG2: =MAX(0,(SUMPRODUCT(Oxides_min!$C2:$BB2,Factors!$C$40:$BB$40)+SUMPRODUCT(Oxides_max!$C2:$BB2,Factors!$C$40:$BB$40))/2) -> 9.2275243 | AH2: =MAX(0,(SUMPRODUCT(Oxides_min!$C2:$BB2,Factors!$C$41:$BB$41)+SUMPRODUCT(Oxides_max!$C2:$BB2,Factors!$C$41:$BB$41))/2) -> 0.8815007 | AI2: =MAX(0,(SUMPRODUCT(Oxides_min!$C2:$BB2,Factors!$C$42:$BB$42)+SUMPRODUCT(Oxides_max!$C2:$BB2,Factors!$C$42:$BB$42))/2) -> 0 | AJ2: =MAX(0,(SUMPRODUCT(Oxides_min!$C2:$BB2,Factors!$C$43:$BB$43)+SUMPRODUCT(Oxides_max!$C2:$BB2,Factors!$C$43:$BB$43))/2) -> 1.5748879 | AK2: =MAX(0,(SUMPRODUCT(Oxides_min!$C2:$BB2,Factors!$C$44:$BB$44)+SUMPRODUCT(Oxides_max!$C2:$BB2,Factors!$C$44:$BB$44))/2) -> 14.495614 | AL2: =MAX(0,(SUMPRODUCT(Oxides_min!$C2:$BB2,Factors!$C$45:$BB$45)+SUMPRODUCT(Oxides_max!$C2:$BB2,Factors!$C$45:$BB$45))/2) -> 26.466863 | AM2: =MAX(0,(SUMPRODUCT(Oxides_min!$C2:$BB2,Factors!$C$46:$BB$46)+SUMPRODUCT(Oxides_max!$C2:$BB2,Factors!$C$46:$BB$46))/2) -> 2.1361794 | AN2: =MAX(0,(SUMPRODUCT(Oxides_min!$C2:$BB2,Factors!$C$47:$BB$47)+SUMPRODUCT(Oxides_max!$C2:$BB2,Factors!$C$47:$BB$47))/2) -> 8.5735599 | AO2: =MAX(0,(SUMPRODUCT(Oxides_min!$C2:$BB2,Factors!$C$48:$BB$48)+SUMPRODUCT(Oxides_max!$C2:$BB2,Factors!$C$48:$BB$48))/2) -> 1.8109585 | AP2: =MAX(0,(SUMPRODUCT(Oxides_min!$C2:$BB2,Factors!$C$49:$BB$49)+SUMPRODUCT(Oxides_max!$C2:$BB2,Factors!$C$49:$BB$49))/2) -> 0.12954237 | AQ2: =MAX(0,(SUMPRODUCT(Oxides_min!$C2:$BB2,Factors!$C$50:$BB$50)+SUMPRODUCT(Oxides_max!$C2:$BB2,Factors!$C$50:$BB$50))/2) -> 1.3230799 | AR2: =MAX(0,(SUMPRODUCT(Oxides_min!$C2:$BB2,Factors!$C$51:$BB$51)+SUMPRODUCT(Oxides_max!$C2:$BB2,Factors!$C$51:$BB$51))/2) -> 0.13032091 | AS2: =MAX(0,(SUMPRODUCT(Oxides_min!$C2:$BB2,Factors!$C$52:$BB$52)+SUMPRODUCT(Oxides_max!$C2:$BB2,Factors!$C$52:$BB$52))/2) -> 0.65349051 | AT2: =MAX(0,(SUMPRODUCT(Oxides_min!$C2:$BB2,Factors!$C$53:$BB$53)+SUMPRODUCT(Oxides_max!$C2:$BB2,Factors!$C$53:$BB$53))/2) -> 0.1309464 | AU2: =MAX(0,(SUMPRODUCT(Oxides_min!$C2:$BB2,Factors!$C$54:$BB$54)+SUMPRODUCT(Oxides_max!$C2:$BB2,Factors!$C$54:$BB$54))/2) -> 0.21863064 | AV2: =MAX(0,(SUMPRODUCT(Oxides_min!$C2:$BB2,Factors!$C$55:$BB$55)+SUMPRODUCT(Oxides_max!$C2:$BB2,Factors!$C$55:$BB$55))/2) -> 0.021890302 | AW2: =MAX(0,(SUMPRODUCT(Oxides_min!$C2:$BB2,Factors!$C$56:$BB$56)+SUMPRODUCT(Oxides_max!$C2:$BB2,Factors!$C$56:$BB$56))/2) -> 0.13173106 | AX2: =MAX(0,(SUMPRODUCT(Oxides_min!$C2:$BB2,Factors!$C$57:$BB$57)+SUMPRODUCT(Oxides_max!$C2:$BB2,Factors!$C$57:$BB$57))/2) -> 0.021984587 | AY2: =MAX(0,(SUMPRODUCT(Oxides_min!$C2:$BB2,Factors!$C$58:$BB$58)+SUMPRODUCT(Oxides_max!$C2:$BB2,Factors!$C$58:$BB$58))/2) -> 0 | AZ2: =SUM(B2:AY2) -> 113.405
A3: Bastnäsite-(Ce) | B3: =MAX(0,(SUMPRODUCT(Oxides_min!$C3:$BB3,Factors!$C$9:$BB$9)+SUMPRODUCT(Oxides_max!$C3:$BB3,Factors!$C$9:$BB$9))/2) -> 24.428169 | C3: =MAX(0,(SUMPRODUCT(Oxides_min!$C3:$BB3,Factors!$C$10:$BB$10)+SUMPRODUCT(Oxides_max!$C3:$BB3,Factors!$C$10:$BB$10))/2) -> 0.23371836 | D3: =MAX(0,(SUMPRODUCT(Oxides_min!$C3:$BB3,Factors!$C$11:$BB$11)+SUMPRODUCT(Oxides_max!$C3:$BB3,Factors!$C$11:$BB$11))/2) -> 0 | E3: =MAX(0,(SUMPRODUCT(Oxides_min!$C3:$BB3,Factors!$C$12:$BB$12)+SUMPRODUCT(Oxides_max!$C3:$BB3,Factors!$C$12:$BB$12))/2) -> 0 | F3: =MAX(0,(SUMPRODUCT(Oxides_min!$C3:$BB3,Factors!$C$13:$BB$13)+SUMPRODUCT(Oxides_max!$C3:$BB3,Factors!$C$13:$BB$13))/2) -> 0 | G3: =MAX(0,(SUMPRODUCT(Oxides_min!$C3:$BB3,Factors!$C$14:$BB$14)+SUMPRODUCT(Oxides_max!$C3:$BB3,Factors!$C$14:$BB$14))/2) -> 0 | H3: =MAX(0,(SUMPRODUCT(Oxides_min!$C3:$BB3,Factors!$C$15:$BB$15)+SUMPRODUCT(Oxides_max!$C3:$BB3,Factors!$C$15:$BB$15))/2) -> 0 | I3: =MAX(0,(SUMPRODUCT(Oxides_min!$C3:$BB3,Factors!$C$16:$BB$16)+SUMPRODUCT(Oxides_max!$C3:$BB3,Factors!$C$16:$BB$16))/2) -> 0.23319275 | J3: =MAX(0,(SUMPRODUCT(Oxides_min!$C3:$BB3,Factors!$C$17:$BB$17)+SUMPRODUCT(Oxides_max!$C3:$BB3,Factors!$C$17:$BB$17))/2) -> 0 | K3: =MAX(0,(SUMPRODUCT(Oxides_min!$C3:$BB3,Factors!$C$18:$BB$18)+SUMPRODUCT(Oxides_max!$C3:$BB3,Factors!$C$18:$BB$18))/2) -> 0 | L3: =MAX(0,(SUMPRODUCT(Oxides_min!$C3:$BB3,Factors!$C$19:$BB$19)+SUMPRODUCT(Oxides_max!$C3:$BB3,Factors!$C$19:$BB$19))/2) -> 0 | M3: =MAX(0,(SUMPRODUCT(Oxides_min!$C3:$BB3,Factors!$C$20:$BB$20)+SUMPRODUCT(Oxides_max!$C3:$BB3,Factors!$C$20:$BB$20))/2) -> 0 | N3: =MAX(0,(SUMPRODUCT(Oxides_min!$C3:$BB3,Factors!$C$21:$BB$21)+SUMPRODUCT(Oxides_max!$C3:$BB3,Factors!$C$21:$BB$21))/2) -> 0.89336983 | O3: =MAX(0,(SUMPRODUCT(Oxides_min!$C3:$BB3,Factors!$C$22:$BB$22)+SUMPRODUCT(Oxides_max!$C3:$BB3,Factors!$C$22:$BB$22))/2) -> 0.42279891 | P3: =MAX(0,(SUMPRODUCT(Oxides_min!$C3:$BB3,Factors!$C$23:$BB$23)+SUMPRODUCT(Oxides_max!$C3:$BB3,Factors!$C$23:$BB$23))/2) -> 0.44782685 | Q3: =MAX(0,(SUMPRODUCT(Oxides_min!$C3:$BB3,Factors!$C$24:$BB$24)+SUMPRODUCT(Oxides_max!$C3:$BB3,Factors!$C$24:$BB$24))/2) -> 0 | R3: =MAX(0,(SUMPRODUCT(Oxides_min!$C3:$BB3,Factors!$C$25:$BB$25)+SUMPRODUCT(Oxides_max!$C3:$BB3,Factors!$C$25:$BB$25))/2) -> 0 | S3: =MAX(0,(SUMPRODUCT(Oxides_min!$C3:$BB3,Factors!$C$26:$BB$26)+SUMPRODUCT(Oxides_max!$C3:$BB3,Factors!$C$26:$BB$26))/2) -> 0 | T3: =MAX(0,(SUMPRODUCT(Oxides_min!$C3:$BB3,Factors!$C$27:$BB$27)+SUMPRODUCT(Oxides_max!$C3:$BB3,Factors!$C$27:$BB$27))/2) -> 0 | U3: =MAX(0,(SUMPRODUCT(Oxides_min!$C3:$BB3,Factors!$C$28:$BB$28)+SUMPRODUCT(Oxides_max!$C3:$BB3,Factors!$C$28:$BB$28))/2) -> 0 | V3: =MAX(0,(SUMPRODUCT(Oxides_min!$C3:$BB3,Factors!$C$29:$BB$29)+SUMPRODUCT(Oxides_max!$C3:$BB3,Factors!$C$29:$BB$29))/2) -> 0 | W3: =MAX(0,(SUMPRODUCT(Oxides_min!$C3:$BB3,Factors!$C$30:$BB$30)+SUMPRODUCT(Oxides_max!$C3:$BB3,Factors!$C$30:$BB$30))/2) -> 0 | X3: =MAX(0,(SUMPRODUCT(Oxides_min!$C3:$BB3,Factors!$C$31:$BB$31)+SUMPRODUCT(Oxides_max!$C3:$BB3,Factors!$C$31:$BB$31))/2) -> 0 | Y3: =MAX(0,(SUMPRODUCT(Oxides_min!$C3:$BB3,Factors!$C$32:$BB$32)+SUMPRODUCT(Oxides_max!$C3:$BB3,Factors!$C$32:$BB$32))/2) -> 0 | Z3: =MAX(0,(SUMPRODUCT(Oxides_min!$C3:$BB3,Factors!$C$33:$BB$33)+SUMPRODUCT(Oxides_max!$C3:$BB3,Factors!$C$33:$BB$33))/2) -> 0.13092805 | AA3: =MAX(0,(SUMPRODUCT(Oxides_min!$C3:$BB3,Factors!$C$34:$BB$34)+SUMPRODUCT(Oxides_max!$C3:$BB3,Factors!$C$34:$BB$34))/2) -> 0 | AB3: =MAX(0,(SUMPRODUCT(Oxides_min!$C3:$BB3,Factors!$C$35:$BB$35)+SUMPRODUCT(Oxides_max!$C3:$BB3,Factors!$C$35:$BB$35))/2) -> 0 | AC3: =MAX(0,(SUMPRODUCT(Oxides_min!$C3:$BB3,Factors!$C$36:$BB$36)+SUMPRODUCT(Oxides_max!$C3:$BB3,Factors!$C$36:$BB$36))/2) -> 5.3901986 | AD3: =MAX(0,(SUMPRODUCT(Oxides_min!$C3:$BB3,Factors!$C$37:$BB$37)+SUMPRODUCT(Oxides_max!$C3:$BB3,Factors!$C$37:$BB$37))/2) -> 0.11190674 | AE3: =MAX(0,(SUMPRODUCT(Oxides_min!$C3:$BB3,Factors!$C$38:$BB$38)+SUMPRODUCT(Oxides_max!$C3:$BB3,Factors!$C$38:$BB$38))/2) -> 7.5 | AF3: =MAX(0,(SUMPRODUCT(Oxides_min!$C3:$BB3,Factors!$C$39:$BB$39)+SUMPRODUCT(Oxides_max!$C3:$BB3,Factors!$C$39:$BB$39))/2) -> 0 | AG3: =MAX(0,(SUMPRODUCT(Oxides_min!$C3:$BB3,Factors!$C$40:$BB$40)+SUMPRODUCT(Oxides_max!$C3:$BB3,Factors!$C$40:$BB$40))/2) -> 1.0985148 | AH3: =MAX(0,(SUMPRODUCT(Oxides_min!$C3:$BB3,Factors!$C$41:$BB$41)+SUMPRODUCT(Oxides_max!$C3:$BB3,Factors!$C$41:$BB$41))/2) -> 0.022037517 | AI3: =MAX(0,(SUMPRODUCT(Oxides_min!$C3:$BB3,Factors!$C$42:$BB$42)+SUMPRODUCT(Oxides_max!$C3:$BB3,Factors!$C$42:$BB$42))/2) -> 0 | AJ3: =MAX(0,(SUMPRODUCT(Oxides_min!$C3:$BB3,Factors!$C$43:$BB$43)+SUMPRODUCT(Oxides_max!$C3:$BB3,Factors!$C$43:$BB$43))/2) -> 0.59058297 | AK3: =MAX(0,(SUMPRODUCT(Oxides_min!$C3:$BB3,Factors!$C$44:$BB$44)+SUMPRODUCT(Oxides_max!$C3:$BB3,Factors!$C$44:$BB$44))/2) -> 21.871323 | AL3: =MAX(0,(SUMPRODUCT(Oxides_min!$C3:$BB3,Factors!$C$45:$BB$45)+SUMPRODUCT(Oxides_max!$C3:$BB3,Factors!$C$45:$BB$45))/2) -> 29.881942 | AM3: =MAX(0,(SUMPRODUCT(Oxides_min!$C3:$BB3,Factors!$C$46:$BB$46)+SUMPRODUCT(Oxides_max!$C3:$BB3,Factors!$C$46:$BB$46))/2) -> 2.7770333 | AN3: =MAX(0,(SUMPRODUCT(Oxides_min!$C3:$BB3,Factors!$C$47:$BB$47)+SUMPRODUCT(Oxides_max!$C3:$BB3,Factors!$C$47:$BB$47))/2) -> 8.1448819 | AO3: =MAX(0,(SUMPRODUCT(Oxides_min!$C3:$BB3,Factors!$C$48:$BB$48)+SUMPRODUCT(Oxides_max!$C3:$BB3,Factors!$C$48:$BB$48))/2) -> 1.1210695 | AP3: =MAX(0,(SUMPRODUCT(Oxides_min!$C3:$BB3,Factors!$C$49:$BB$49)+SUMPRODUCT(Oxides_max!$C3:$BB3,Factors!$C$49:$BB$49))/2) -> 0.17272317 | AQ3: =MAX(0,(SUMPRODUCT(Oxides_min!$C3:$BB3,Factors!$C$50:$BB$50)+SUMPRODUCT(Oxides_max!$C3:$BB3,Factors!$C$50:$BB$50))/2) -> 0.52055603 | AR3: =MAX(0,(SUMPRODUCT(Oxides_min!$C3:$BB3,Factors!$C$51:$BB$51)+SUMPRODUCT(Oxides_max!$C3:$BB3,Factors!$C$51:$BB$51))/2) -> 0 | AS3: =MAX(0,(SUMPRODUCT(Oxides_min!$C3:$BB3,Factors!$C$52:$BB$52)+SUMPRODUCT(Oxides_max!$C3:$BB3,Factors!$C$52:$BB$52))/2) -> 0.17426414 | AT3: =MAX(0,(SUMPRODUCT(Oxides_min!$C3:$BB3,Factors!$C$53:$BB$53)+SUMPRODUCT(Oxides_max!$C3:$BB3,Factors!$C$53:$BB$53))/2) -> 0 | AU3: =MAX(0,(SUMPRODUCT(Oxides_min!$C3:$BB3,Factors!$C$54:$BB$54)+SUMPRODUCT(Oxides_max!$C3:$BB3,Factors!$C$54:$BB$54))/2) -> 0 | AV3: =MAX(0,(SUMPRODUCT(Oxides_min!$C3:$BB3,Factors!$C$55:$BB$55)+SUMPRODUCT(Oxides_max!$C3:$BB3,Factors!$C$55:$BB$55))/2) -> 0 | AW3: =MAX(0,(SUMPRODUCT(Oxides_min!$C3:$BB3,Factors!$C$56:$BB$56)+SUMPRODUCT(Oxides_max!$C3:$BB3,Factors!$C$56:$BB$56))/2) -> 0 | AX3: =MAX(0,(SUMPRODUCT(Oxides_min!$C3:$BB3,Factors!$C$57:$BB$57)+SUMPRODUCT(Oxides_max!$C3:$BB3,Factors!$C$57:$BB$57))/2) -> 0 | AY3: =MAX(0,(SUMPRODUCT(Oxides_min!$C3:$BB3,Factors!$C$58:$BB$58)+SUMPRODUCT(Oxides_max!$C3:$BB3,Factors!$C$58:$BB$58))/2) -> 0 | AZ3: =SUM(B3:AY3) -> 106.16704
A4: Xenotime-(Y) | B4: =MAX(0,(SUMPRODUCT(Oxides_min!$C4:$BB4,Factors!$C$9:$BB$9)+SUMPRODUCT(Oxides_max!$C4:$BB4,Factors!$C$9:$BB$9))/2) -> 32.553104 | C4: =MAX(0,(SUMPRODUCT(Oxides_min!$C4:$BB4,Factors!$C$10:$BB$10)+SUMPRODUCT(Oxides_max!$C4:$BB4,Factors!$C$10:$BB$10))/2) -> 0.46743671 | D4: =MAX(0,(SUMPRODUCT(Oxides_min!$C4:$BB4,Factors!$C$11:$BB$11)+SUMPRODUCT(Oxides_max!$C4:$BB4,Factors!$C$11:$BB$11))/2) -> 0 | E4: =MAX(0,(SUMPRODUCT(Oxides_min!$C4:$BB4,Factors!$C$12:$BB$12)+SUMPRODUCT(Oxides_max!$C4:$BB4,Factors!$C$12:$BB$12))/2) -> 0 | F4: =MAX(0,(SUMPRODUCT(Oxides_min!$C4:$BB4,Factors!$C$13:$BB$13)+SUMPRODUCT(Oxides_max!$C4:$BB4,Factors!$C$13:$BB$13))/2) -> 0 | G4: =MAX(0,(SUMPRODUCT(Oxides_min!$C4:$BB4,Factors!$C$14:$BB$14)+SUMPRODUCT(Oxides_max!$C4:$BB4,Factors!$C$14:$BB$14))/2) -> 0 | H4: =MAX(0,(SUMPRODUCT(Oxides_min!$C4:$BB4,Factors!$C$15:$BB$15)+SUMPRODUCT(Oxides_max!$C4:$BB4,Factors!$C$15:$BB$15))/2) -> 0.052925693 | I4: =MAX(0,(SUMPRODUCT(Oxides_min!$C4:$BB4,Factors!$C$16:$BB$16)+SUMPRODUCT(Oxides_max!$C4:$BB4,Factors!$C$16:$BB$16))/2) -> 0.19432729 | J4: =MAX(0,(SUMPRODUCT(Oxides_min!$C4:$BB4,Factors!$C$17:$BB$17)+SUMPRODUCT(Oxides_max!$C4:$BB4,Factors!$C$17:$BB$17))/2) -> 0 | K4: =MAX(0,(SUMPRODUCT(Oxides_min!$C4:$BB4,Factors!$C$18:$BB$18)+SUMPRODUCT(Oxides_max!$C4:$BB4,Factors!$C$18:$BB$18))/2) -> 0 | L4: =MAX(0,(SUMPRODUCT(Oxides_min!$C4:$BB4,Factors!$C$19:$BB$19)+SUMPRODUCT(Oxides_max!$C4:$BB4,Factors!$C$19:$BB$19))/2) -> 0 | M4: =MAX(0,(SUMPRODUCT(Oxides_min!$C4:$BB4,Factors!$C$20:$BB$20)+SUMPRODUCT(Oxides_max!$C4:$BB4,Factors!$C$20:$BB$20))/2) -> 0 | N4: =MAX(0,(SUMPRODUCT(Oxides_min!$C4:$BB4,Factors!$C$21:$BB$21)+SUMPRODUCT(Oxides_max!$C4:$BB4,Factors!$C$21:$BB$21))/2) -> 0.21440876 | O4: =MAX(0,(SUMPRODUCT(Oxides_min!$C4:$BB4,Factors!$C$22:$BB$22)+SUMPRODUCT(Oxides_max!$C4:$BB4,Factors!$C$22:$BB$22))/2) -> 0 | P4: =MAX(0,(SUMPRODUCT(Oxides_min!$C4:$BB4,Factors!$C$23:$BB$23)+SUMPRODUCT(Oxides_max!$C4:$BB4,Factors!$C$23:$BB$23))/2) -> 0 | Q4: =MAX(0,(SUMPRODUCT(Oxides_min!$C4:$BB4,Factors!$C$24:$BB$24)+SUMPRODUCT(Oxides_max!$C4:$BB4,Factors!$C$24:$BB$24))/2) -> 0.13924794 | R4: =MAX(0,(SUMPRODUCT(Oxides_min!$C4:$BB4,Factors!$C$25:$BB$25)+SUMPRODUCT(Oxides_max!$C4:$BB4,Factors!$C$25:$BB$25))/2) -> 0 | S4: =MAX(0,(SUMPRODUCT(Oxides_min!$C4:$BB4,Factors!$C$26:$BB$26)+SUMPRODUCT(Oxides_max!$C4:$BB4,Factors!$C$26:$BB$26))/2) -> 0 | T4: =MAX(0,(SUMPRODUCT(Oxides_min!$C4:$BB4,Factors!$C$27:$BB$27)+SUMPRODUCT(Oxides_max!$C4:$BB4,Factors!$C$27:$BB$27))/2) -> 0 | U4: =MAX(0,(SUMPRODUCT(Oxides_min!$C4:$BB4,Factors!$C$28:$BB$28)+SUMPRODUCT(Oxides_max!$C4:$BB4,Factors!$C$28:$BB$28))/2) -> 0 | V4: =MAX(0,(SUMPRODUCT(Oxides_min!$C4:$BB4,Factors!$C$29:$BB$29)+SUMPRODUCT(Oxides_max!$C4:$BB4,Factors!$C$29:$BB$29))/2) -> 0 | W4: =MAX(0,(SUMPRODUCT(Oxides_min!$C4:$BB4,Factors!$C$30:$BB$30)+SUMPRODUCT(Oxides_max!$C4:$BB4,Factors!$C$30:$BB$30))/2) -> 0 | X4: =MAX(0,(SUMPRODUCT(Oxides_min!$C4:$BB4,Factors!$C$31:$BB$31)+SUMPRODUCT(Oxides_max!$C4:$BB4,Factors!$C$31:$BB$31))/2) -> 0 | Y4: =MAX(0,(SUMPRODUCT(Oxides_min!$C4:$BB4,Factors!$C$32:$BB$32)+SUMPRODUCT(Oxides_max!$C4:$BB4,Factors!$C$32:$BB$32))/2) -> 0 | Z4: =MAX(0,(SUMPRODUCT(Oxides_min!$C4:$BB4,Factors!$C$33:$BB$33)+SUMPRODUCT(Oxides_max!$C4:$BB4,Factors!$C$33:$BB$33))/2) -> 14.838512 | AA4: =MAX(0,(SUMPRODUCT(Oxides_min!$C4:$BB4,Factors!$C$34:$BB$34)+SUMPRODUCT(Oxides_max!$C4:$BB4,Factors!$C$34:$BB$34))/2) -> 0 | AB4: =MAX(0,(SUMPRODUCT(Oxides_min!$C4:$BB4,Factors!$C$35:$BB$35)+SUMPRODUCT(Oxides_max!$C4:$BB4,Factors!$C$35:$BB$35))/2) -> 0 | AC4: =MAX(0,(SUMPRODUCT(Oxides_min!$C4:$BB4,Factors!$C$36:$BB$36)+SUMPRODUCT(Oxides_max!$C4:$BB4,Factors!$C$36:$BB$36))/2) -> 0 | AD4: =MAX(0,(SUMPRODUCT(Oxides_min!$C4:$BB4,Factors!$C$37:$BB$37)+SUMPRODUCT(Oxides_max!$C4:$BB4,Factors!$C$37:$BB$37))/2) -> 0 | AE4: =MAX(0,(SUMPRODUCT(Oxides_min!$C4:$BB4,Factors!$C$38:$BB$38)+SUMPRODUCT(Oxides_max!$C4:$BB4,Factors!$C$38:$BB$38))/2) -> 0 | AF4: =MAX(0,(SUMPRODUCT(Oxides_min!$C4:$BB4,Factors!$C$39:$BB$39)+SUMPRODUCT(Oxides_max!$C4:$BB4,Factors!$C$39:$BB$39))/2) -> 0 | AG4: =MAX(0,(SUMPRODUCT(Oxides_min!$C4:$BB4,Factors!$C$40:$BB$40)+SUMPRODUCT(Oxides_max!$C4:$BB4,Factors!$C$40:$BB$40))/2) -> 1.3182178 | AH4: =MAX(0,(SUMPRODUCT(Oxides_min!$C4:$BB4,Factors!$C$41:$BB$41)+SUMPRODUCT(Oxides_max!$C4:$BB4,Factors!$C$41:$BB$41))/2) -> 2.2037517 | AI4: =MAX(0,(SUMPRODUCT(Oxides_min!$C4:$BB4,Factors!$C$42:$BB$42)+SUMPRODUCT(Oxides_max!$C4:$BB4,Factors!$C$42:$BB$42))/2) -> 0 | AJ4: =MAX(0,(SUMPRODUCT(Oxides_min!$C4:$BB4,Factors!$C$43:$BB$43)+SUMPRODUCT(Oxides_max!$C4:$BB4,Factors!$C$43:$BB$43))/2) -> 35.434978 | AK4: =MAX(0,(SUMPRODUCT(Oxides_min!$C4:$BB4,Factors!$C$44:$BB$44)+SUMPRODUCT(Oxides_max!$C4:$BB4,Factors!$C$44:$BB$44))/2) -> 0.042634157 | AL4: =MAX(0,(SUMPRODUCT(Oxides_min!$C4:$BB4,Factors!$C$45:$BB$45)+SUMPRODUCT(Oxides_max!$C4:$BB4,Factors!$C$45:$BB$45))/2) -> 0.12806547 | AM4: =MAX(0,(SUMPRODUCT(Oxides_min!$C4:$BB4,Factors!$C$46:$BB$46)+SUMPRODUCT(Oxides_max!$C4:$BB4,Factors!$C$46:$BB$46))/2) -> 0.042723589 | AN4: =MAX(0,(SUMPRODUCT(Oxides_min!$C4:$BB4,Factors!$C$47:$BB$47)+SUMPRODUCT(Oxides_max!$C4:$BB4,Factors!$C$47:$BB$47))/2) -> 0.214339 | AO4: =MAX(0,(SUMPRODUCT(Oxides_min!$C4:$BB4,Factors!$C$48:$BB$48)+SUMPRODUCT(Oxides_max!$C4:$BB4,Factors!$C$48:$BB$48))/2) -> 0.45273961 | AP4: =MAX(0,(SUMPRODUCT(Oxides_min!$C4:$BB4,Factors!$C$49:$BB$49)+SUMPRODUCT(Oxides_max!$C4:$BB4,Factors!$C$49:$BB$49))/2) -> 0.086361583 | AQ4: =MAX(0,(SUMPRODUCT(Oxides_min!$C4:$BB4,Factors!$C$50:$BB$50)+SUMPRODUCT(Oxides_max!$C4:$BB4,Factors!$C$50:$BB$50))/2) -> 2.2991225 | AR4: =MAX(0,(SUMPRODUCT(Oxides_min!$C4:$BB4,Factors!$C$51:$BB$51)+SUMPRODUCT(Oxides_max!$C4:$BB4,Factors!$C$51:$BB$51))/2) -> 0.52128364 | AS4: =MAX(0,(SUMPRODUCT(Oxides_min!$C4:$BB4,Factors!$C$52:$BB$52)+SUMPRODUCT(Oxides_max!$C4:$BB4,Factors!$C$52:$BB$52))/2) -> 4.3566034 | AT4: =MAX(0,(SUMPRODUCT(Oxides_min!$C4:$BB4,Factors!$C$53:$BB$53)+SUMPRODUCT(Oxides_max!$C4:$BB4,Factors!$C$53:$BB$53))/2) -> 1.0475712 | AU4: =MAX(0,(SUMPRODUCT(Oxides_min!$C4:$BB4,Factors!$C$54:$BB$54)+SUMPRODUCT(Oxides_max!$C4:$BB4,Factors!$C$54:$BB$54))/2) -> 3.4980903 | AV4: =MAX(0,(SUMPRODUCT(Oxides_min!$C4:$BB4,Factors!$C$55:$BB$55)+SUMPRODUCT(Oxides_max!$C4:$BB4,Factors!$C$55:$BB$55))/2) -> 0.56914785 | AW4: =MAX(0,(SUMPRODUCT(Oxides_min!$C4:$BB4,Factors!$C$56:$BB$56)+SUMPRODUCT(Oxides_max!$C4:$BB4,Factors!$C$56:$BB$56))/2) -> 3.9519319 | AX4: =MAX(0,(SUMPRODUCT(Oxides_min!$C4:$BB4,Factors!$C$57:$BB$57)+SUMPRODUCT(Oxides_max!$C4:$BB4,Factors!$C$57:$BB$57))/2) -> 0.74747597 | AY4: =MAX(0,(SUMPRODUCT(Oxides_min!$C4:$BB4,Factors!$C$58:$BB$58)+SUMPRODUCT(Oxides_max!$C4:$BB4,Factors!$C$58:$BB$58))/2) -> 0 | AZ4: =SUM(B4:AY4) -> 105.375
A5: Parisite-(Ce) | B5: =MAX(0,(SUMPRODUCT(Oxides_min!$C5:$BB5,Factors!$C$9:$BB$9)+SUMPRODUCT(Oxides_max!$C5:$BB5,Factors!$C$9:$BB$9))/2) -> 26.985783 | C5: =MAX(0,(SUMPRODUCT(Oxides_min!$C5:$BB5,Factors!$C$10:$BB$10)+SUMPRODUCT(Oxides_max!$C5:$BB5,Factors!$C$10:$BB$10))/2) -> 0.11685918 | D5: =MAX(0,(SUMPRODUCT(Oxides_min!$C5:$BB5,Factors!$C$11:$BB$11)+SUMPRODUCT(Oxides_max!$C5:$BB5,Factors!$C$11:$BB$11))/2) -> 0 | E5: =MAX(0,(SUMPRODUCT(Oxides_min!$C5:$BB5,Factors!$C$12:$BB$12)+SUMPRODUCT(Oxides_max!$C5:$BB5,Factors!$C$12:$BB$12))/2) -> 0 | F5: =MAX(0,(SUMPRODUCT(Oxides_min!$C5:$BB5,Factors!$C$13:$BB$13)+SUMPRODUCT(Oxides_max!$C5:$BB5,Factors!$C$13:$BB$13))/2) -> 0 | G5: =MAX(0,(SUMPRODUCT(Oxides_min!$C5:$BB5,Factors!$C$14:$BB$14)+SUMPRODUCT(Oxides_max!$C5:$BB5,Factors!$C$14:$BB$14))/2) -> 0 | H5: =MAX(0,(SUMPRODUCT(Oxides_min!$C5:$BB5,Factors!$C$15:$BB$15)+SUMPRODUCT(Oxides_max!$C5:$BB5,Factors!$C$15:$BB$15))/2) -> 0 | I5: =MAX(0,(SUMPRODUCT(Oxides_min!$C5:$BB5,Factors!$C$16:$BB$16)+SUMPRODUCT(Oxides_max!$C5:$BB5,Factors!$C$16:$BB$16))/2) -> 0.11659638 | J5: =MAX(0,(SUMPRODUCT(Oxides_min!$C5:$BB5,Factors!$C$17:$BB$17)+SUMPRODUCT(Oxides_max!$C5:$BB5,Factors!$C$17:$BB$17))/2) -> 0 | K5: =MAX(0,(SUMPRODUCT(Oxides_min!$C5:$BB5,Factors!$C$18:$BB$18)+SUMPRODUCT(Oxides_max!$C5:$BB5,Factors!$C$18:$BB$18))/2) -> 0 | L5: =MAX(0,(SUMPRODUCT(Oxides_min!$C5:$BB5,Factors!$C$19:$BB$19)+SUMPRODUCT(Oxides_max!$C5:$BB5,Factors!$C$19:$BB$19))/2) -> 0 | M5: =MAX(0,(SUMPRODUCT(Oxides_min!$C5:$BB5,Factors!$C$20:$BB$20)+SUMPRODUCT(Oxides_max!$C5:$BB5,Factors!$C$20:$BB$20))/2) -> 0 | N5: =MAX(0,(SUMPRODUCT(Oxides_min!$C5:$BB5,Factors!$C$21:$BB$21)+SUMPRODUCT(Oxides_max!$C5:$BB5,Factors!$C$21:$BB$21))/2) -> 7.5043066 | O5: =MAX(0,(SUMPRODUCT(Oxides_min!$C5:$BB5,Factors!$C$22:$BB$22)+SUMPRODUCT(Oxides_max!$C5:$BB5,Factors!$C$22:$BB$22))/2) -> 0.42279891 | P5: =MAX(0,(SUMPRODUCT(Oxides_min!$C5:$BB5,Factors!$C$23:$BB$23)+SUMPRODUCT(Oxides_max!$C5:$BB5,Factors!$C$23:$BB$23))/2) -> 0.22391343 | Q5: =MAX(0,(SUMPRODUCT(Oxides_min!$C5:$BB5,Factors!$C$24:$BB$24)+SUMPRODUCT(Oxides_max!$C5:$BB5,Factors!$C$24:$BB$24))/2) -> 0 | R5: =MAX(0,(SUMPRODUCT(Oxides_min!$C5:$BB5,Factors!$C$25:$BB$25)+SUMPRODUCT(Oxides_max!$C5:$BB5,Factors!$C$25:$BB$25))/2) -> 0.074186226 | S5: =MAX(0,(SUMPRODUCT(Oxides_min!$C5:$BB5,Factors!$C$26:$BB$26)+SUMPRODUCT(Oxides_max!$C5:$BB5,Factors!$C$26:$BB$26))/2) -> 0 | T5: =MAX(0,(SUMPRODUCT(Oxides_min!$C5:$BB5,Factors!$C$27:$BB$27)+SUMPRODUCT(Oxides_max!$C5:$BB5,Factors!$C$27:$BB$27))/2) -> 0 | U5: =MAX(0,(SUMPRODUCT(Oxides_min!$C5:$BB5,Factors!$C$28:$BB$28)+SUMPRODUCT(Oxides_max!$C5:$BB5,Factors!$C$28:$BB$28))/2) -> 0 | V5: =MAX(0,(SUMPRODUCT(Oxides_min!$C5:$BB5,Factors!$C$29:$BB$29)+SUMPRODUCT(Oxides_max!$C5:$BB5,Factors!$C$29:$BB$29))/2) -> 0 | W5: =MAX(0,(SUMPRODUCT(Oxides_min!$C5:$BB5,Factors!$C$30:$BB$30)+SUMPRODUCT(Oxides_max!$C5:$BB5,Factors!$C$30:$BB$30))/2) -> 0 | X5: =MAX(0,(SUMPRODUCT(Oxides_min!$C5:$BB5,Factors!$C$31:$BB$31)+SUMPRODUCT(Oxides_max!$C5:$BB5,Factors!$C$31:$BB$31))/2) -> 0 | Y5: =MAX(0,(SUMPRODUCT(Oxides_min!$C5:$BB5,Factors!$C$32:$BB$32)+SUMPRODUCT(Oxides_max!$C5:$BB5,Factors!$C$32:$BB$32))/2) -> 0 | Z5: =MAX(0,(SUMPRODUCT(Oxides_min!$C5:$BB5,Factors!$C$33:$BB$33)+SUMPRODUCT(Oxides_max!$C5:$BB5,Factors!$C$33:$BB$33))/2) -> 0 | AA5: =MAX(0,(SUMPRODUCT(Oxides_min!$C5:$BB5,Factors!$C$34:$BB$34)+SUMPRODUCT(Oxides_max!$C5:$BB5,Factors!$C$34:$BB$34))/2) -> 0 | AB5: =MAX(0,(SUMPRODUCT(Oxides_min!$C5:$BB5,Factors!$C$35:$BB$35)+SUMPRODUCT(Oxides_max!$C5:$BB5,Factors!$C$35:$BB$35))/2) -> 0 | AC5: =MAX(0,(SUMPRODUCT(Oxides_min!$C5:$BB5,Factors!$C$36:$BB$36)+SUMPRODUCT(Oxides_max!$C5:$BB5,Factors!$C$36:$BB$36))/2) -> 6.6183451 | AD5: =MAX(0,(SUMPRODUCT(Oxides_min!$C5:$BB5,Factors!$C$37:$BB$37)+SUMPRODUCT(Oxides_max!$C5:$BB5,Factors!$C$37:$BB$37))/2) -> 0 | AE5: =MAX(0,(SUMPRODUCT(Oxides_min!$C5:$BB5,Factors!$C$38:$BB$38)+SUMPRODUCT(Oxides_max!$C5:$BB5,Factors!$C$38:$BB$38))/2) -> 6.25 | AF5: =MAX(0,(SUMPRODUCT(Oxides_min!$C5:$BB5,Factors!$C$39:$BB$39)+SUMPRODUCT(Oxides_max!$C5:$BB5,Factors!$C$39:$BB$39))/2) -> 0 | AG5: =MAX(0,(SUMPRODUCT(Oxides_min!$C5:$BB5,Factors!$C$40:$BB$40)+SUMPRODUCT(Oxides_max!$C5:$BB5,Factors!$C$40:$BB$40))/2) -> 0.65910888 | AH5: =MAX(0,(SUMPRODUCT(Oxides_min!$C5:$BB5,Factors!$C$41:$BB$41)+SUMPRODUCT(Oxides_max!$C5:$BB5,Factors!$C$41:$BB$41))/2) -> 0.022037517 | AI5: =MAX(0,(SUMPRODUCT(Oxides_min!$C5:$BB5,Factors!$C$42:$BB$42)+SUMPRODUCT(Oxides_max!$C5:$BB5,Factors!$C$42:$BB$42))/2) -> 0 | AJ5: =MAX(0,(SUMPRODUCT(Oxides_min!$C5:$BB5,Factors!$C$43:$BB$43)+SUMPRODUCT(Oxides_max!$C5:$BB5,Factors!$C$43:$BB$43))/2) -> 0.78744395 | AK5: =MAX(0,(SUMPRODUCT(Oxides_min!$C5:$BB5,Factors!$C$44:$BB$44)+SUMPRODUCT(Oxides_max!$C5:$BB5,Factors!$C$44:$BB$44))/2) -> 12.363906 | AL5: =MAX(0,(SUMPRODUCT(Oxides_min!$C5:$BB5,Factors!$C$45:$BB$45)+SUMPRODUCT(Oxides_max!$C5:$BB5,Factors!$C$45:$BB$45))/2) -> 24.332439 | AM5: =MAX(0,(SUMPRODUCT(Oxides_min!$C5:$BB5,Factors!$C$46:$BB$46)+SUMPRODUCT(Oxides_max!$C5:$BB5,Factors!$C$46:$BB$46))/2) -> 2.3497974 | AN5: =MAX(0,(SUMPRODUCT(Oxides_min!$C5:$BB5,Factors!$C$47:$BB$47)+SUMPRODUCT(Oxides_max!$C5:$BB5,Factors!$C$47:$BB$47))/2) -> 7.9305429 | AO5: =MAX(0,(SUMPRODUCT(Oxides_min!$C5:$BB5,Factors!$C$48:$BB$48)+SUMPRODUCT(Oxides_max!$C5:$BB5,Factors!$C$48:$BB$48))/2) -> 1.2073056 | AP5: =MAX(0,(SUMPRODUCT(Oxides_min!$C5:$BB5,Factors!$C$49:$BB$49)+SUMPRODUCT(Oxides_max!$C5:$BB5,Factors!$C$49:$BB$49))/2) -> 0.21590396 | AQ5: =MAX(0,(SUMPRODUCT(Oxides_min!$C5:$BB5,Factors!$C$50:$BB$50)+SUMPRODUCT(Oxides_max!$C5:$BB5,Factors!$C$50:$BB$50))/2) -> 0.65069504 | AR5: =MAX(0,(SUMPRODUCT(Oxides_min!$C5:$BB5,Factors!$C$51:$BB$51)+SUMPRODUCT(Oxides_max!$C5:$BB5,Factors!$C$51:$BB$51))/2) -> 0 | AS5: =MAX(0,(SUMPRODUCT(Oxides_min!$C5:$BB5,Factors!$C$52:$BB$52)+SUMPRODUCT(Oxides_max!$C5:$BB5,Factors!$C$52:$BB$52))/2) -> 0.2613962 | AT5: =MAX(0,(SUMPRODUCT(Oxides_min!$C5:$BB5,Factors!$C$53:$BB$53)+SUMPRODUCT(Oxides_max!$C5:$BB5,Factors!$C$53:$BB$53))/2) -> 0 | AU5: =MAX(0,(SUMPRODUCT(Oxides_min!$C5:$BB5,Factors!$C$54:$BB$54)+SUMPRODUCT(Oxides_max!$C5:$BB5,Factors!$C$54:$BB$54))/2) -> 0 | AV5: =MAX(0,(SUMPRODUCT(Oxides_min!$C5:$BB5,Factors!$C$55:$BB$55)+SUMPRODUCT(Oxides_max!$C5:$BB5,Factors!$C$55:$BB$55))/2) -> 0 | AW5: =MAX(0,(SUMPRODUCT(Oxides_min!$C5:$BB5,Factors!$C$56:$BB$56)+SUMPRODUCT(Oxides_max!$C5:$BB5,Factors!$C$56:$BB$56))/2) -> 0 | AX5: =MAX(0,(SUMPRODUCT(Oxides_min!$C5:$BB5,Factors!$C$57:$BB$57)+SUMPRODUCT(Oxides_max!$C5:$BB5,Factors!$C$57:$BB$57))/2) -> 0 | AY5: =MAX(0,(SUMPRODUCT(Oxides_min!$C5:$BB5,Factors!$C$58:$BB$58)+SUMPRODUCT(Oxides_max!$C5:$BB5,Factors!$C$58:$BB$58))/2) -> 0 | AZ5: =SUM(B5:AY5) -> 99.093364
A6: Synchysite-(Ce) | B6: =MAX(0,(SUMPRODUCT(Oxides_min!$C6:$BB6,Factors!$C$9:$BB$9)+SUMPRODUCT(Oxides_max!$C6:$BB6,Factors!$C$9:$BB$9))/2) -> 30.805041 | C6: =MAX(0,(SUMPRODUCT(Oxides_min!$C6:$BB6,Factors!$C$10:$BB$10)+SUMPRODUCT(Oxides_max!$C6:$BB6,Factors!$C$10:$BB$10))/2) -> 0.23371836 | D6: =MAX(0,(SUMPRODUCT(Oxides_min!$C6:$BB6,Factors!$C$11:$BB$11)+SUMPRODUCT(Oxides_max!$C6:$BB6,Factors!$C$11:$BB$11))/2) -> 0 | E6: =MAX(0,(SUMPRODUCT(Oxides_min!$C6:$BB6,Factors!$C$12:$BB$12)+SUMPRODUCT(Oxides_max!$C6:$BB6,Factors!$C$12:$BB$12))/2) -> 0 | F6: =MAX(0,(SUMPRODUCT(Oxides_min!$C6:$BB6,Factors!$C$13:$BB$13)+SUMPRODUCT(Oxides_max!$C6:$BB6,Factors!$C$13:$BB$13))/2) -> 0 | G6: =MAX(0,(SUMPRODUCT(Oxides_min!$C6:$BB6,Factors!$C$14:$BB$14)+SUMPRODUCT(Oxides_max!$C6:$BB6,Factors!$C$14:$BB$14))/2) -> 0 | H6: =MAX(0,(SUMPRODUCT(Oxides_min!$C6:$BB6,Factors!$C$15:$BB$15)+SUMPRODUCT(Oxides_max!$C6:$BB6,Factors!$C$15:$BB$15))/2) -> 0 | I6: =MAX(0,(SUMPRODUCT(Oxides_min!$C6:$BB6,Factors!$C$16:$BB$16)+SUMPRODUCT(Oxides_max!$C6:$BB6,Factors!$C$16:$BB$16))/2) -> 0.19432729 | J6: =MAX(0,(SUMPRODUCT(Oxides_min!$C6:$BB6,Factors!$C$17:$BB$17)+SUMPRODUCT(Oxides_max!$C6:$BB6,Factors!$C$17:$BB$17))/2) -> 0 | K6: =MAX(0,(SUMPRODUCT(Oxides_min!$C6:$BB6,Factors!$C$18:$BB$18)+SUMPRODUCT(Oxides_max!$C6:$BB6,Factors!$C$18:$BB$18))/2) -> 0 | L6: =MAX(0,(SUMPRODUCT(Oxides_min!$C6:$BB6,Factors!$C$19:$BB$19)+SUMPRODUCT(Oxides_max!$C6:$BB6,Factors!$C$19:$BB$19))/2) -> 0 | M6: =MAX(0,(SUMPRODUCT(Oxides_min!$C6:$BB6,Factors!$C$20:$BB$20)+SUMPRODUCT(Oxides_max!$C6:$BB6,Factors!$C$20:$BB$20))/2) -> 0 | N6: =MAX(0,(SUMPRODUCT(Oxides_min!$C6:$BB6,Factors!$C$21:$BB$21)+SUMPRODUCT(Oxides_max!$C6:$BB6,Factors!$C$21:$BB$21))/2) -> 12.507178 | O6: =MAX(0,(SUMPRODUCT(Oxides_min!$C6:$BB6,Factors!$C$22:$BB$22)+SUMPRODUCT(Oxides_max!$C6:$BB6,Factors!$C$22:$BB$22))/2) -> 0.42279891 | P6: =MAX(0,(SUMPRODUCT(Oxides_min!$C6:$BB6,Factors!$C$23:$BB$23)+SUMPRODUCT(Oxides_max!$C6:$BB6,Factors!$C$23:$BB$23))/2) -> 0 | Q6: =MAX(0,(SUMPRODUCT(Oxides_min!$C6:$BB6,Factors!$C$24:$BB$24)+SUMPRODUCT(Oxides_max!$C6:$BB6,Factors!$C$24:$BB$24))/2) -> 0 | R6: =MAX(0,(SUMPRODUCT(Oxides_min!$C6:$BB6,Factors!$C$25:$BB$25)+SUMPRODUCT(Oxides_max!$C6:$BB6,Factors!$C$25:$BB$25))/2) -> 0 | S6: =MAX(0,(SUMPRODUCT(Oxides_min!$C6:$BB6,Factors!$C$26:$BB$26)+SUMPRODUCT(Oxides_max!$C6:$BB6,Factors!$C$26:$BB$26))/2) -> 0 | T6: =MAX(0,(SUMPRODUCT(Oxides_min!$C6:$BB6,Factors!$C$27:$BB$27)+SUMPRODUCT(Oxides_max!$C6:$BB6,Factors!$C$27:$BB$27))/2) -> 0 | U6: =MAX(0,(SUMPRODUCT(Oxides_min!$C6:$BB6,Factors!$C$28:$BB$28)+SUMPRODUCT(Oxides_max!$C6:$BB6,Factors!$C$28:$BB$28))/2) -> 0 | V6: =MAX(0,(SUMPRODUCT(Oxides_min!$C6:$BB6,Factors!$C$29:$BB$29)+SUMPRODUCT(Oxides_max!$C6:$BB6,Factors!$C$29:$BB$29))/2) -> 0 | W6: =MAX(0,(SUMPRODUCT(Oxides_min!$C6:$BB6,Factors!$C$30:$BB$30)+SUMPRODUCT(Oxides_max!$C6:$BB6,Factors!$C$30:$BB$30))/2) -> 0 | X6: =MAX(0,(SUMPRODUCT(Oxides_min!$C6:$BB6,Factors!$C$31:$BB$31)+SUMPRODUCT(Oxides_max!$C6:$BB6,Factors!$C$31:$BB$31))/2) -> 0 | Y6: =MAX(0,(SUMPRODUCT(Oxides_min!$C6:$BB6,Factors!$C$32:$BB$32)+SUMPRODUCT(Oxides_max!$C6:$BB6,Factors!$C$32:$BB$32))/2) -> 0 | Z6: =MAX(0,(SUMPRODUCT(Oxides_min!$C6:$BB6,Factors!$C$33:$BB$33)+SUMPRODUCT(Oxides_max!$C6:$BB6,Factors!$C$33:$BB$33))/2) -> 0 | AA6: =MAX(0,(SUMPRODUCT(Oxides_min!$C6:$BB6,Factors!$C$34:$BB$34)+SUMPRODUCT(Oxides_max!$C6:$BB6,Factors!$C$34:$BB$34))/2) -> 0 | AB6: =MAX(0,(SUMPRODUCT(Oxides_min!$C6:$BB6,Factors!$C$35:$BB$35)+SUMPRODUCT(Oxides_max!$C6:$BB6,Factors!$C$35:$BB$35))/2) -> 0 | AC6: =MAX(0,(SUMPRODUCT(Oxides_min!$C6:$BB6,Factors!$C$36:$BB$36)+SUMPRODUCT(Oxides_max!$C6:$BB6,Factors!$C$36:$BB$36))/2) -> 7.5053398 | AD6: =MAX(0,(SUMPRODUCT(Oxides_min!$C6:$BB6,Factors!$C$37:$BB$37)+SUMPRODUCT(Oxides_max!$C6:$BB6,Factors!$C$37:$BB$37))/2) -> 0 | AE6: =MAX(0,(SUMPRODUCT(Oxides_min!$C6:$BB6,Factors!$C$38:$BB$38)+SUMPRODUCT(Oxides_max!$C6:$BB6,Factors!$C$38:$BB$38))/2) -> 5.25 | AF6: =MAX(0,(SUMPRODUCT(Oxides_min!$C6:$BB6,Factors!$C$39:$BB$39)+SUMPRODUCT(Oxides_max!$C6:$BB6,Factors!$C$39:$BB$39))/2) -> 0 | AG6: =MAX(0,(SUMPRODUCT(Oxides_min!$C6:$BB6,Factors!$C$40:$BB$40)+SUMPRODUCT(Oxides_max!$C6:$BB6,Factors!$C$40:$BB$40))/2) -> 0.87881184 | AH6: =MAX(0,(SUMPRODUCT(Oxides_min!$C6:$BB6,Factors!$C$41:$BB$41)+SUMPRODUCT(Oxides_max!$C6:$BB6,Factors!$C$41:$BB$41))/2) -> 0.044075035 | AI6: =MAX(0,(SUMPRODUCT(Oxides_min!$C6:$BB6,Factors!$C$42:$BB$42)+SUMPRODUCT(Oxides_max!$C6:$BB6,Factors!$C$42:$BB$42))/2) -> 0 | AJ6: =MAX(0,(SUMPRODUCT(Oxides_min!$C6:$BB6,Factors!$C$43:$BB$43)+SUMPRODUCT(Oxides_max!$C6:$BB6,Factors!$C$43:$BB$43))/2) -> 1.1811659 | AK6: =MAX(0,(SUMPRODUCT(Oxides_min!$C6:$BB6,Factors!$C$44:$BB$44)+SUMPRODUCT(Oxides_max!$C6:$BB6,Factors!$C$44:$BB$44))/2) -> 9.8058562 | AL6: =MAX(0,(SUMPRODUCT(Oxides_min!$C6:$BB6,Factors!$C$45:$BB$45)+SUMPRODUCT(Oxides_max!$C6:$BB6,Factors!$C$45:$BB$45))/2) -> 20.490475 | AM6: =MAX(0,(SUMPRODUCT(Oxides_min!$C6:$BB6,Factors!$C$46:$BB$46)+SUMPRODUCT(Oxides_max!$C6:$BB6,Factors!$C$46:$BB$46))/2) -> 1.9225615 | AN6: =MAX(0,(SUMPRODUCT(Oxides_min!$C6:$BB6,Factors!$C$47:$BB$47)+SUMPRODUCT(Oxides_max!$C6:$BB6,Factors!$C$47:$BB$47))/2) -> 7.5018649 | AO6: =MAX(0,(SUMPRODUCT(Oxides_min!$C6:$BB6,Factors!$C$48:$BB$48)+SUMPRODUCT(Oxides_max!$C6:$BB6,Factors!$C$48:$BB$48))/2) -> 1.1641876 | AP6: =MAX(0,(SUMPRODUCT(Oxides_min!$C6:$BB6,Factors!$C$49:$BB$49)+SUMPRODUCT(Oxides_max!$C6:$BB6,Factors!$C$49:$BB$49))/2) -> 0.21590396 | AQ6: =MAX(0,(SUMPRODUCT(Oxides_min!$C6:$BB6,Factors!$C$50:$BB$50)+SUMPRODUCT(Oxides_max!$C6:$BB6,Factors!$C$50:$BB$50))/2) -> 0.86759339 | AR6: =MAX(0,(SUMPRODUCT(Oxides_min!$C6:$BB6,Factors!$C$51:$BB$51)+SUMPRODUCT(Oxides_max!$C6:$BB6,Factors!$C$51:$BB$51))/2) -> 0 | AS6: =MAX(0,(SUMPRODUCT(Oxides_min!$C6:$BB6,Factors!$C$52:$BB$52)+SUMPRODUCT(Oxides_max!$C6:$BB6,Factors!$C$52:$BB$52))/2) -> 0.34852827 | AT6: =MAX(0,(SUMPRODUCT(Oxides_min!$C6:$BB6,Factors!$C$53:$BB$53)+SUMPRODUCT(Oxides_max!$C6:$BB6,Factors!$C$53:$BB$53))/2) -> 0 | AU6: =MAX(0,(SUMPRODUCT(Oxides_min!$C6:$BB6,Factors!$C$54:$BB$54)+SUMPRODUCT(Oxides_max!$C6:$BB6,Factors!$C$54:$BB$54))/2) -> 0 | AV6: =MAX(0,(SUMPRODUCT(Oxides_min!$C6:$BB6,Factors!$C$55:$BB$55)+SUMPRODUCT(Oxides_max!$C6:$BB6,Factors!$C$55:$BB$55))/2) -> 0 | AW6: =MAX(0,(SUMPRODUCT(Oxides_min!$C6:$BB6,Factors!$C$56:$BB$56)+SUMPRODUCT(Oxides_max!$C6:$BB6,Factors!$C$56:$BB$56))/2) -> 0 | AX6: =MAX(0,(SUMPRODUCT(Oxides_min!$C6:$BB6,Factors!$C$57:$BB$57)+SUMPRODUCT(Oxides_max!$C6:$BB6,Factors!$C$57:$BB$57))/2) -> 0 | AY6: =MAX(0,(SUMPRODUCT(Oxides_min!$C6:$BB6,Factors!$C$58:$BB$58)+SUMPRODUCT(Oxides_max!$C6:$BB6,Factors!$C$58:$BB$58))/2) -> 0 | AZ6: =SUM(B6:AY6) -> 101.33943
A7: Allanite-(Ce) | B7: =MAX(0,(SUMPRODUCT(Oxides_min!$C7:$BB7,Factors!$C$9:$BB$9)+SUMPRODUCT(Oxides_max!$C7:$BB7,Factors!$C$9:$BB$9))/2) -> 39.767341 | C7: =MAX(0,(SUMPRODUCT(Oxides_min!$C7:$BB7,Factors!$C$10:$BB$10)+SUMPRODUCT(Oxides_max!$C7:$BB7,Factors!$C$10:$BB$10))/2) -> 14.957975 | D7: =MAX(0,(SUMPRODUCT(Oxides_min!$C7:$BB7,Factors!$C$11:$BB$11)+SUMPRODUCT(Oxides_max!$C7:$BB7,Factors!$C$11:$BB$11))/2) -> 0.74918613 | E7: =MAX(0,(SUMPRODUCT(Oxides_min!$C7:$BB7,Factors!$C$12:$BB$12)+SUMPRODUCT(Oxides_max!$C7:$BB7,Factors!$C$12:$BB$12))/2) -> 0 | F7: =MAX(0,(SUMPRODUCT(Oxides_min!$C7:$BB7,Factors!$C$13:$BB$13)+SUMPRODUCT(Oxides_max!$C7:$BB7,Factors!$C$13:$BB$13))/2) -> 0 | G7: =MAX(0,(SUMPRODUCT(Oxides_min!$C7:$BB7,Factors!$C$14:$BB$14)+SUMPRODUCT(Oxides_max!$C7:$BB7,Factors!$C$14:$BB$14))/2) -> 0 | H7: =MAX(0,(SUMPRODUCT(Oxides_min!$C7:$BB7,Factors!$C$15:$BB$15)+SUMPRODUCT(Oxides_max!$C7:$BB7,Factors!$C$15:$BB$15))/2) -> 8.4681108 | I7: =MAX(0,(SUMPRODUCT(Oxides_min!$C7:$BB7,Factors!$C$16:$BB$16)+SUMPRODUCT(Oxides_max!$C7:$BB7,Factors!$C$16:$BB$16))/2) -> 11.542082 | J7: =MAX(0,(SUMPRODUCT(Oxides_min!$C7:$BB7,Factors!$C$17:$BB$17)+SUMPRODUCT(Oxides_max!$C7:$BB7,Factors!$C$17:$BB$17))/2) -> 1.1810545 | K7: =MAX(0,(SUMPRODUCT(Oxides_min!$C7:$BB7,Factors!$C$18:$BB$18)+SUMPRODUCT(Oxides_max!$C7:$BB7,Factors!$C$18:$BB$18))/2) -> 0 | L7: =MAX(0,(SUMPRODUCT(Oxides_min!$C7:$BB7,Factors!$C$19:$BB$19)+SUMPRODUCT(Oxides_max!$C7:$BB7,Factors!$C$19:$BB$19))/2) -> 0 | M7: =MAX(0,(SUMPRODUCT(Oxides_min!$C7:$BB7,Factors!$C$20:$BB$20)+SUMPRODUCT(Oxides_max!$C7:$BB7,Factors!$C$20:$BB$20))/2) -> 0.90456282 | N7: =MAX(0,(SUMPRODUCT(Oxides_min!$C7:$BB7,Factors!$C$21:$BB$21)+SUMPRODUCT(Oxides_max!$C7:$BB7,Factors!$C$21:$BB$21))/2) -> 8.5763504 | O7: =MAX(0,(SUMPRODUCT(Oxides_min!$C7:$BB7,Factors!$C$22:$BB$22)+SUMPRODUCT(Oxides_max!$C7:$BB7,Factors!$C$22:$BB$22))/2) -> 0 | P7: =MAX(0,(SUMPRODUCT(Oxides_min!$C7:$BB7,Factors!$C$23:$BB$23)+SUMPRODUCT(Oxides_max!$C7:$BB7,Factors!$C$23:$BB$23))/2) -> 0 | Q7: =MAX(0,(SUMPRODUCT(Oxides_min!$C7:$BB7,Factors!$C$24:$BB$24)+SUMPRODUCT(Oxides_max!$C7:$BB7,Factors!$C$24:$BB$24))/2) -> 0 | R7: =MAX(0,(SUMPRODUCT(Oxides_min!$C7:$BB7,Factors!$C$25:$BB$25)+SUMPRODUCT(Oxides_max!$C7:$BB7,Factors!$C$25:$BB$25))/2) -> 0.11127934 | S7: =MAX(0,(SUMPRODUCT(Oxides_min!$C7:$BB7,Factors!$C$26:$BB$26)+SUMPRODUCT(Oxides_max!$C7:$BB7,Factors!$C$26:$BB$26))/2) -> 0 | T7: =MAX(0,(SUMPRODUCT(Oxides_min!$C7:$BB7,Factors!$C$27:$BB$27)+SUMPRODUCT(Oxides_max!$C7:$BB7,Factors!$C$27:$BB$27))/2) -> 0 | U7: =MAX(0,(SUMPRODUCT(Oxides_min!$C7:$BB7,Factors!$C$28:$BB$28)+SUMPRODUCT(Oxides_max!$C7:$BB7,Factors!$C$28:$BB$28))/2) -> 0 | V7: =MAX(0,(SUMPRODUCT(Oxides_min!$C7:$BB7,Factors!$C$29:$BB$29)+SUMPRODUCT(Oxides_max!$C7:$BB7,Factors!$C$29:$BB$29))/2) -> 0 | W7: =MAX(0,(SUMPRODUCT(Oxides_min!$C7:$BB7,Factors!$C$30:$BB$30)+SUMPRODUCT(Oxides_max!$C7:$BB7,Factors!$C$30:$BB$30))/2) -> 0 | X7: =MAX(0,(SUMPRODUCT(Oxides_min!$C7:$BB7,Factors!$C$31:$BB$31)+SUMPRODUCT(Oxides_max!$C7:$BB7,Factors!$C$31:$BB$31))/2) -> 0 | Y7: =MAX(0,(SUMPRODUCT(Oxides_min!$C7:$BB7,Factors!$C$32:$BB$32)+SUMPRODUCT(Oxides_max!$C7:$BB7,Factors!$C$32:$BB$32))/2) -> 0 | Z7: =MAX(0,(SUMPRODUCT(Oxides_min!$C7:$BB7,Factors!$C$33:$BB$33)+SUMPRODUCT(Oxides_max!$C7:$BB7,Factors!$C$33:$BB$33))/2) -> 0.021821341 | AA7: =MAX(0,(SUMPRODUCT(Oxides_min!$C7:$BB7,Factors!$C$34:$BB$34)+SUMPRODUCT(Oxides_max!$C7:$BB7,Factors!$C$34:$BB$34))/2) -> 0 | AB7: =MAX(0,(SUMPRODUCT(Oxides_min!$C7:$BB7,Factors!$C$35:$BB$35)+SUMPRODUCT(Oxides_max!$C7:$BB7,Factors!$C$35:$BB$35))/2) -> 0 | AC7: =MAX(0,(SUMPRODUCT(Oxides_min!$C7:$BB7,Factors!$C$36:$BB$36)+SUMPRODUCT(Oxides_max!$C7:$BB7,Factors!$C$36:$BB$36))/2) -> 0 | AD7: =MAX(0,(SUMPRODUCT(Oxides_min!$C7:$BB7,Factors!$C$37:$BB$37)+SUMPRODUCT(Oxides_max!$C7:$BB7,Factors!$C$37:$BB$37))/2) -> 0.23500416 | AE7: =MAX(0,(SUMPRODUCT(Oxides_min!$C7:$BB7,Factors!$C$38:$BB$38)+SUMPRODUCT(Oxides_max!$C7:$BB7,Factors!$C$38:$BB$38))/2) -> 0.25 | AF7: =MAX(0,(SUMPRODUCT(Oxides_min!$C7:$BB7,Factors!$C$39:$BB$39)+SUMPRODUCT(Oxides_max!$C7:$BB7,Factors!$C$39:$BB$39))/2) -> 0 | AG7: =MAX(0,(SUMPRODUCT(Oxides_min!$C7:$BB7,Factors!$C$40:$BB$40)+SUMPRODUCT(Oxides_max!$C7:$BB7,Factors!$C$40:$BB$40))/2) -> 1.5379207 | AH7: =MAX(0,(SUMPRODUCT(Oxides_min!$C7:$BB7,Factors!$C$41:$BB$41)+SUMPRODUCT(Oxides_max!$C7:$BB7,Factors!$C$41:$BB$41))/2) -> 0.22037517 | AI7: =MAX(0,(SUMPRODUCT(Oxides_min!$C7:$BB7,Factors!$C$42:$BB$42)+SUMPRODUCT(Oxides_max!$C7:$BB7,Factors!$C$42:$BB$42))/2) -> 0 | AJ7: =MAX(0,(SUMPRODUCT(Oxides_min!$C7:$BB7,Factors!$C$43:$BB$43)+SUMPRODUCT(Oxides_max!$C7:$BB7,Factors!$C$43:$BB$43))/2) -> 1.1811659 | AK7: =MAX(0,(SUMPRODUCT(Oxides_min!$C7:$BB7,Factors!$C$44:$BB$44)+SUMPRODUCT(Oxides_max!$C7:$BB7,Factors!$C$44:$BB$44))/2) -> 6.3951236 | AL7: =MAX(0,(SUMPRODUCT(Oxides_min!$C7:$BB7,Factors!$C$45:$BB$45)+SUMPRODUCT(Oxides_max!$C7:$BB7,Factors!$C$45:$BB$45))/2) -> 10.672122 | AM7: =MAX(0,(SUMPRODUCT(Oxides_min!$C7:$BB7,Factors!$C$46:$BB$46)+SUMPRODUCT(Oxides_max!$C7:$BB7,Factors!$C$46:$BB$46))/2) -> 1.1962605 | AN7: =MAX(0,(SUMPRODUCT(Oxides_min!$C7:$BB7,Factors!$C$47:$BB$47)+SUMPRODUCT(Oxides_max!$C7:$BB7,Factors!$C$47:$BB$47))/2) -> 3.6437629 | AO7: =MAX(0,(SUMPRODUCT(Oxides_min!$C7:$BB7,Factors!$C$48:$BB$48)+SUMPRODUCT(Oxides_max!$C7:$BB7,Factors!$C$48:$BB$48))/2) -> 0.56053476 | AP7: =MAX(0,(SUMPRODUCT(Oxides_min!$C7:$BB7,Factors!$C$49:$BB$49)+SUMPRODUCT(Oxides_max!$C7:$BB7,Factors!$C$49:$BB$49))/2) -> 0.043180791 | AQ7: =MAX(0,(SUMPRODUCT(Oxides_min!$C7:$BB7,Factors!$C$50:$BB$50)+SUMPRODUCT(Oxides_max!$C7:$BB7,Factors!$C$50:$BB$50))/2) -> 0.30365769 | AR7: =MAX(0,(SUMPRODUCT(Oxides_min!$C7:$BB7,Factors!$C$51:$BB$51)+SUMPRODUCT(Oxides_max!$C7:$BB7,Factors!$C$51:$BB$51))/2) -> 0.043440303 | AS7: =MAX(0,(SUMPRODUCT(Oxides_min!$C7:$BB7,Factors!$C$52:$BB$52)+SUMPRODUCT(Oxides_max!$C7:$BB7,Factors!$C$52:$BB$52))/2) -> 0.2613962 | AT7: =MAX(0,(SUMPRODUCT(Oxides_min!$C7:$BB7,Factors!$C$53:$BB$53)+SUMPRODUCT(Oxides_max!$C7:$BB7,Factors!$C$53:$BB$53))/2) -> 0.052378559 | AU7: =MAX(0,(SUMPRODUCT(Oxides_min!$C7:$BB7,Factors!$C$54:$BB$54)+SUMPRODUCT(Oxides_max!$C7:$BB7,Factors!$C$54:$BB$54))/2) -> 0.15304145 | AV7: =MAX(0,(SUMPRODUCT(Oxides_min!$C7:$BB7,Factors!$C$55:$BB$55)+SUMPRODUCT(Oxides_max!$C7:$BB7,Factors!$C$55:$BB$55))/2) -> 0.021890302 | AW7: =MAX(0,(SUMPRODUCT(Oxides_min!$C7:$BB7,Factors!$C$56:$BB$56)+SUMPRODUCT(Oxides_max!$C7:$BB7,Factors!$C$56:$BB$56))/2) -> 0.13173106 | AX7: =MAX(0,(SUMPRODUCT(Oxides_min!$C7:$BB7,Factors!$C$57:$BB$57)+SUMPRODUCT(Oxides_max!$C7:$BB7,Factors!$C$57:$BB$57))/2) -> 0.021984587 | AY7: =MAX(0,(SUMPRODUCT(Oxides_min!$C7:$BB7,Factors!$C$58:$BB$58)+SUMPRODUCT(Oxides_max!$C7:$BB7,Factors!$C$58:$BB$58))/2) -> 0 | AZ7: =SUM(B7:AY7) -> 113.20473
A8: Fluorapatite (REE-bearing) | B8: =MAX(0,(SUMPRODUCT(Oxides_min!$C8:$BB8,Factors!$C$9:$BB$9)+SUMPRODUCT(Oxides_max!$C8:$BB8,Factors!$C$9:$BB$9))/2) -> 38.687543 | C8: =MAX(0,(SUMPRODUCT(Oxides_min!$C8:$BB8,Factors!$C$10:$BB$10)+SUMPRODUCT(Oxides_max!$C8:$BB8,Factors!$C$10:$BB$10))/2) -> 0.35057753 | D8: =MAX(0,(SUMPRODUCT(Oxides_min!$C8:$BB8,Factors!$C$11:$BB$11)+SUMPRODUCT(Oxides_max!$C8:$BB8,Factors!$C$11:$BB$11))/2) -> 0 | E8: =MAX(0,(SUMPRODUCT(Oxides_min!$C8:$BB8,Factors!$C$12:$BB$12)+SUMPRODUCT(Oxides_max!$C8:$BB8,Factors!$C$12:$BB$12))/2) -> 0 | F8: =MAX(0,(SUMPRODUCT(Oxides_min!$C8:$BB8,Factors!$C$13:$BB$13)+SUMPRODUCT(Oxides_max!$C8:$BB8,Factors!$C$13:$BB$13))/2) -> 0 | G8: =MAX(0,(SUMPRODUCT(Oxides_min!$C8:$BB8,Factors!$C$14:$BB$14)+SUMPRODUCT(Oxides_max!$C8:$BB8,Factors!$C$14:$BB$14))/2) -> 0 | H8: =MAX(0,(SUMPRODUCT(Oxides_min!$C8:$BB8,Factors!$C$15:$BB$15)+SUMPRODUCT(Oxides_max!$C8:$BB8,Factors!$C$15:$BB$15))/2) -> 0 | I8: =MAX(0,(SUMPRODUCT(Oxides_min!$C8:$BB8,Factors!$C$16:$BB$16)+SUMPRODUCT(Oxides_max!$C8:$BB8,Factors!$C$16:$BB$16))/2) -> 0.23319275 | J8: =MAX(0,(SUMPRODUCT(Oxides_min!$C8:$BB8,Factors!$C$17:$BB$17)+SUMPRODUCT(Oxides_max!$C8:$BB8,Factors!$C$17:$BB$17))/2) -> 0.1936155 | K8: =MAX(0,(SUMPRODUCT(Oxides_min!$C8:$BB8,Factors!$C$18:$BB$18)+SUMPRODUCT(Oxides_max!$C8:$BB8,Factors!$C$18:$BB$18))/2) -> 0 | L8: =MAX(0,(SUMPRODUCT(Oxides_min!$C8:$BB8,Factors!$C$19:$BB$19)+SUMPRODUCT(Oxides_max!$C8:$BB8,Factors!$C$19:$BB$19))/2) -> 0 | M8: =MAX(0,(SUMPRODUCT(Oxides_min!$C8:$BB8,Factors!$C$20:$BB$20)+SUMPRODUCT(Oxides_max!$C8:$BB8,Factors!$C$20:$BB$20))/2) -> 0 | N8: =MAX(0,(SUMPRODUCT(Oxides_min!$C8:$BB8,Factors!$C$21:$BB$21)+SUMPRODUCT(Oxides_max!$C8:$BB8,Factors!$C$21:$BB$21))/2) -> 38.236229 | O8: =MAX(0,(SUMPRODUCT(Oxides_min!$C8:$BB8,Factors!$C$22:$BB$22)+SUMPRODUCT(Oxides_max!$C8:$BB8,Factors!$C$22:$BB$22))/2) -> 1.2683967 | P8: =MAX(0,(SUMPRODUCT(Oxides_min!$C8:$BB8,Factors!$C$23:$BB$23)+SUMPRODUCT(Oxides_max!$C8:$BB8,Factors!$C$23:$BB$23))/2) -> 0 | Q8: =MAX(0,(SUMPRODUCT(Oxides_min!$C8:$BB8,Factors!$C$24:$BB$24)+SUMPRODUCT(Oxides_max!$C8:$BB8,Factors!$C$24:$BB$24))/2) -> 0 | R8: =MAX(0,(SUMPRODUCT(Oxides_min!$C8:$BB8,Factors!$C$25:$BB$25)+SUMPRODUCT(Oxides_max!$C8:$BB8,Factors!$C$25:$BB$25))/2) -> 0.22255868 | S8: =MAX(0,(SUMPRODUCT(Oxides_min!$C8:$BB8,Factors!$C$26:$BB$26)+SUMPRODUCT(Oxides_max!$C8:$BB8,Factors!$C$26:$BB$26))/2) -> 0 | T8: =MAX(0,(SUMPRODUCT(Oxides_min!$C8:$BB8,Factors!$C$27:$BB$27)+SUMPRODUCT(Oxides_max!$C8:$BB8,Factors!$C$27:$BB$27))/2) -> 0 | U8: =MAX(0,(SUMPRODUCT(Oxides_min!$C8:$BB8,Factors!$C$28:$BB$28)+SUMPRODUCT(Oxides_max!$C8:$BB8,Factors!$C$28:$BB$28))/2) -> 0 | V8: =MAX(0,(SUMPRODUCT(Oxides_min!$C8:$BB8,Factors!$C$29:$BB$29)+SUMPRODUCT(Oxides_max!$C8:$BB8,Factors!$C$29:$BB$29))/2) -> 0 | W8: =MAX(0,(SUMPRODUCT(Oxides_min!$C8:$BB8,Factors!$C$30:$BB$30)+SUMPRODUCT(Oxides_max!$C8:$BB8,Factors!$C$30:$BB$30))/2) -> 0 | X8: =MAX(0,(SUMPRODUCT(Oxides_min!$C8:$BB8,Factors!$C$31:$BB$31)+SUMPRODUCT(Oxides_max!$C8:$BB8,Factors!$C$31:$BB$31))/2) -> 0 | Y8: =MAX(0,(SUMPRODUCT(Oxides_min!$C8:$BB8,Factors!$C$32:$BB$32)+SUMPRODUCT(Oxides_max!$C8:$BB8,Factors!$C$32:$BB$32))/2) -> 0 | Z8: =MAX(0,(SUMPRODUCT(Oxides_min!$C8:$BB8,Factors!$C$33:$BB$33)+SUMPRODUCT(Oxides_max!$C8:$BB8,Factors!$C$33:$BB$33))/2) -> 17.566179 | AA8: =MAX(0,(SUMPRODUCT(Oxides_min!$C8:$BB8,Factors!$C$34:$BB$34)+SUMPRODUCT(Oxides_max!$C8:$BB8,Factors!$C$34:$BB$34))/2) -> 0 | AB8: =MAX(0,(SUMPRODUCT(Oxides_min!$C8:$BB8,Factors!$C$35:$BB$35)+SUMPRODUCT(Oxides_max!$C8:$BB8,Factors!$C$35:$BB$35))/2) -> 0.16018587 | AC8: =MAX(0,(SUMPRODUCT(Oxides_min!$C8:$BB8,Factors!$C$36:$BB$36)+SUMPRODUCT(Oxides_max!$C8:$BB8,Factors!$C$36:$BB$36))/2) -> 0.20469109 | AD8: =MAX(0,(SUMPRODUCT(Oxides_min!$C8:$BB8,Factors!$C$37:$BB$37)+SUMPRODUCT(Oxides_max!$C8:$BB8,Factors!$C$37:$BB$37))/2) -> 0.027976686 | AE8: =MAX(0,(SUMPRODUCT(Oxides_min!$C8:$BB8,Factors!$C$38:$BB$38)+SUMPRODUCT(Oxides_max!$C8:$BB8,Factors!$C$38:$BB$38))/2) -> 3.25 | AF8: =MAX(0,(SUMPRODUCT(Oxides_min!$C8:$BB8,Factors!$C$39:$BB$39)+SUMPRODUCT(Oxides_max!$C8:$BB8,Factors!$C$39:$BB$39))/2) -> 0.5 | AG8: =MAX(0,(SUMPRODUCT(Oxides_min!$C8:$BB8,Factors!$C$40:$BB$40)+SUMPRODUCT(Oxides_max!$C8:$BB8,Factors!$C$40:$BB$40))/2) -> 0.021970296 | AH8: =MAX(0,(SUMPRODUCT(Oxides_min!$C8:$BB8,Factors!$C$41:$BB$41)+SUMPRODUCT(Oxides_max!$C8:$BB8,Factors!$C$41:$BB$41))/2) -> 0.008815007 | AI8: =MAX(0,(SUMPRODUCT(Oxides_min!$C8:$BB8,Factors!$C$42:$BB$42)+SUMPRODUCT(Oxides_max!$C8:$BB8,Factors!$C$42:$BB$42))/2) -> 0 | AJ8: =MAX(0,(SUMPRODUCT(Oxides_min!$C8:$BB8,Factors!$C$43:$BB$43)+SUMPRODUCT(Oxides_max!$C8:$BB8,Factors!$C$43:$BB$43))/2) -> 0.19686099 | AK8: =MAX(0,(SUMPRODUCT(Oxides_min!$C8:$BB8,Factors!$C$44:$BB$44)+SUMPRODUCT(Oxides_max!$C8:$BB8,Factors!$C$44:$BB$44))/2) -> 0.46897573 | AL8: =MAX(0,(SUMPRODUCT(Oxides_min!$C8:$BB8,Factors!$C$45:$BB$45)+SUMPRODUCT(Oxides_max!$C8:$BB8,Factors!$C$45:$BB$45))/2) -> 0.7683928 | AM8: =MAX(0,(SUMPRODUCT(Oxides_min!$C8:$BB8,Factors!$C$46:$BB$46)+SUMPRODUCT(Oxides_max!$C8:$BB8,Factors!$C$46:$BB$46))/2) -> 0.085447178 | AN8: =MAX(0,(SUMPRODUCT(Oxides_min!$C8:$BB8,Factors!$C$47:$BB$47)+SUMPRODUCT(Oxides_max!$C8:$BB8,Factors!$C$47:$BB$47))/2) -> 0.38581019 | AO8: =MAX(0,(SUMPRODUCT(Oxides_min!$C8:$BB8,Factors!$C$48:$BB$48)+SUMPRODUCT(Oxides_max!$C8:$BB8,Factors!$C$48:$BB$48))/2) -> 0.064677088 | AP8: =MAX(0,(SUMPRODUCT(Oxides_min!$C8:$BB8,Factors!$C$49:$BB$49)+SUMPRODUCT(Oxides_max!$C8:$BB8,Factors!$C$49:$BB$49))/2) -> 0.012954237 | AQ8: =MAX(0,(SUMPRODUCT(Oxides_min!$C8:$BB8,Factors!$C$50:$BB$50)+SUMPRODUCT(Oxides_max!$C8:$BB8,Factors!$C$50:$BB$50))/2) -> 0.065069504 | AR8: =MAX(0,(SUMPRODUCT(Oxides_min!$C8:$BB8,Factors!$C$51:$BB$51)+SUMPRODUCT(Oxides_max!$C8:$BB8,Factors!$C$51:$BB$51))/2) -> 0 | AS8: =MAX(0,(SUMPRODUCT(Oxides_min!$C8:$BB8,Factors!$C$52:$BB$52)+SUMPRODUCT(Oxides_max!$C8:$BB8,Factors!$C$52:$BB$52))/2) -> 0.043566034 | AT8: =MAX(0,(SUMPRODUCT(Oxides_min!$C8:$BB8,Factors!$C$53:$BB$53)+SUMPRODUCT(Oxides_max!$C8:$BB8,Factors!$C$53:$BB$53))/2) -> 0 | AU8: =MAX(0,(SUMPRODUCT(Oxides_min!$C8:$BB8,Factors!$C$54:$BB$54)+SUMPRODUCT(Oxides_max!$C8:$BB8,Factors!$C$54:$BB$54))/2) -> 0.021863064 | AV8: =MAX(0,(SUMPRODUCT(Oxides_min!$C8:$BB8,Factors!$C$55:$BB$55)+SUMPRODUCT(Oxides_max!$C8:$BB8,Factors!$C$55:$BB$55))/2) -> 0 | AW8: =MAX(0,(SUMPRODUCT(Oxides_min!$C8:$BB8,Factors!$C$56:$BB$56)+SUMPRODUCT(Oxides_max!$C8:$BB8,Factors!$C$56:$BB$56))/2) -> 0.013173106 | AX8: =MAX(0,(SUMPRODUCT(Oxides_min!$C8:$BB8,Factors!$C$57:$BB$57)+SUMPRODUCT(Oxides_max!$C8:$BB8,Factors!$C$57:$BB$57))/2) -> 0 | AY8: =MAX(0,(SUMPRODUCT(Oxides_min!$C8:$BB8,Factors!$C$58:$BB$58)+SUMPRODUCT(Oxides_max!$C8:$BB8,Factors!$C$58:$BB$58))/2) -> 0 | AZ8: =SUM(B8:AY8) -> 103.05872
A9: Florencite-(Ce) | B9: =MAX(0,(SUMPRODUCT(Oxides_min!$C9:$BB9,Factors!$C$9:$BB$9)+SUMPRODUCT(Oxides_max!$C9:$BB9,Factors!$C$9:$BB$9))/2) -> 46.88353 | C9: =MAX(0,(SUMPRODUCT(Oxides_min!$C9:$BB9,Factors!$C$10:$BB$10)+SUMPRODUCT(Oxides_max!$C9:$BB9,Factors!$C$10:$BB$10))/2) -> 0.46743671 | D9: =MAX(0,(SUMPRODUCT(Oxides_min!$C9:$BB9,Factors!$C$11:$BB$11)+SUMPRODUCT(Oxides_max!$C9:$BB9,Factors!$C$11:$BB$11))/2) -> 0 | E9: =MAX(0,(SUMPRODUCT(Oxides_min!$C9:$BB9,Factors!$C$12:$BB$12)+SUMPRODUCT(Oxides_max!$C9:$BB9,Factors!$C$12:$BB$12))/2) -> 0 | F9: =MAX(0,(SUMPRODUCT(Oxides_min!$C9:$BB9,Factors!$C$13:$BB$13)+SUMPRODUCT(Oxides_max!$C9:$BB9,Factors!$C$13:$BB$13))/2) -> 0 | G9: =MAX(0,(SUMPRODUCT(Oxides_min!$C9:$BB9,Factors!$C$14:$BB$14)+SUMPRODUCT(Oxides_max!$C9:$BB9,Factors!$C$14:$BB$14))/2) -> 0 | H9: =MAX(0,(SUMPRODUCT(Oxides_min!$C9:$BB9,Factors!$C$15:$BB$15)+SUMPRODUCT(Oxides_max!$C9:$BB9,Factors!$C$15:$BB$15))/2) -> 15.877708 | I9: =MAX(0,(SUMPRODUCT(Oxides_min!$C9:$BB9,Factors!$C$16:$BB$16)+SUMPRODUCT(Oxides_max!$C9:$BB9,Factors!$C$16:$BB$16))/2) -> 1.3988615 | J9: =MAX(0,(SUMPRODUCT(Oxides_min!$C9:$BB9,Factors!$C$17:$BB$17)+SUMPRODUCT(Oxides_max!$C9:$BB9,Factors!$C$17:$BB$17))/2) -> 0 | K9: =MAX(0,(SUMPRODUCT(Oxides_min!$C9:$BB9,Factors!$C$18:$BB$18)+SUMPRODUCT(Oxides_max!$C9:$BB9,Factors!$C$18:$BB$18))/2) -> 0 | L9: =MAX(0,(SUMPRODUCT(Oxides_min!$C9:$BB9,Factors!$C$19:$BB$19)+SUMPRODUCT(Oxides_max!$C9:$BB9,Factors!$C$19:$BB$19))/2) -> 0 | M9: =MAX(0,(SUMPRODUCT(Oxides_min!$C9:$BB9,Factors!$C$20:$BB$20)+SUMPRODUCT(Oxides_max!$C9:$BB9,Factors!$C$20:$BB$20))/2) -> 0 | N9: =MAX(0,(SUMPRODUCT(Oxides_min!$C9:$BB9,Factors!$C$21:$BB$21)+SUMPRODUCT(Oxides_max!$C9:$BB9,Factors!$C$21:$BB$21))/2) -> 1.5008613 | O9: =MAX(0,(SUMPRODUCT(Oxides_min!$C9:$BB9,Factors!$C$22:$BB$22)+SUMPRODUCT(Oxides_max!$C9:$BB9,Factors!$C$22:$BB$22))/2) -> 2.1139945 | P9: =MAX(0,(SUMPRODUCT(Oxides_min!$C9:$BB9,Factors!$C$23:$BB$23)+SUMPRODUCT(Oxides_max!$C9:$BB9,Factors!$C$23:$BB$23))/2) -> 0.89565371 | Q9: =MAX(0,(SUMPRODUCT(Oxides_min!$C9:$BB9,Factors!$C$24:$BB$24)+SUMPRODUCT(Oxides_max!$C9:$BB9,Factors!$C$24:$BB$24))/2) -> 0 | R9: =MAX(0,(SUMPRODUCT(Oxides_min!$C9:$BB9,Factors!$C$25:$BB$25)+SUMPRODUCT(Oxides_max!$C9:$BB9,Factors!$C$25:$BB$25))/2) -> 0 | S9: =MAX(0,(SUMPRODUCT(Oxides_min!$C9:$BB9,Factors!$C$26:$BB$26)+SUMPRODUCT(Oxides_max!$C9:$BB9,Factors!$C$26:$BB$26))/2) -> 0 | T9: =MAX(0,(SUMPRODUCT(Oxides_min!$C9:$BB9,Factors!$C$27:$BB$27)+SUMPRODUCT(Oxides_max!$C9:$BB9,Factors!$C$27:$BB$27))/2) -> 0 | U9: =MAX(0,(SUMPRODUCT(Oxides_min!$C9:$BB9,Factors!$C$28:$BB$28)+SUMPRODUCT(Oxides_max!$C9:$BB9,Factors!$C$28:$BB$28))/2) -> 0 | V9: =MAX(0,(SUMPRODUCT(Oxides_min!$C9:$BB9,Factors!$C$29:$BB$29)+SUMPRODUCT(Oxides_max!$C9:$BB9,Factors!$C$29:$BB$29))/2) -> 0 | W9: =MAX(0,(SUMPRODUCT(Oxides_min!$C9:$BB9,Factors!$C$30:$BB$30)+SUMPRODUCT(Oxides_max!$C9:$BB9,Factors!$C$30:$BB$30))/2) -> 0 | X9: =MAX(0,(SUMPRODUCT(Oxides_min!$C9:$BB9,Factors!$C$31:$BB$31)+SUMPRODUCT(Oxides_max!$C9:$BB9,Factors!$C$31:$BB$31))/2) -> 0 | Y9: =MAX(0,(SUMPRODUCT(Oxides_min!$C9:$BB9,Factors!$C$32:$BB$32)+SUMPRODUCT(Oxides_max!$C9:$BB9,Factors!$C$32:$BB$32))/2) -> 0 | Z9: =MAX(0,(SUMPRODUCT(Oxides_min!$C9:$BB9,Factors!$C$33:$BB$33)+SUMPRODUCT(Oxides_max!$C9:$BB9,Factors!$C$33:$BB$33))/2) -> 11.565311 | AA9: =MAX(0,(SUMPRODUCT(Oxides_min!$C9:$BB9,Factors!$C$34:$BB$34)+SUMPRODUCT(Oxides_max!$C9:$BB9,Factors!$C$34:$BB$34))/2) -> 0 | AB9: =MAX(0,(SUMPRODUCT(Oxides_min!$C9:$BB9,Factors!$C$35:$BB$35)+SUMPRODUCT(Oxides_max!$C9:$BB9,Factors!$C$35:$BB$35))/2) -> 0.600697 | AC9: =MAX(0,(SUMPRODUCT(Oxides_min!$C9:$BB9,Factors!$C$36:$BB$36)+SUMPRODUCT(Oxides_max!$C9:$BB9,Factors!$C$36:$BB$36))/2) -> 0 | AD9: =MAX(0,(SUMPRODUCT(Oxides_min!$C9:$BB9,Factors!$C$37:$BB$37)+SUMPRODUCT(Oxides_max!$C9:$BB9,Factors!$C$37:$BB$37))/2) -> 1.2869276 | AE9: =MAX(0,(SUMPRODUCT(Oxides_min!$C9:$BB9,Factors!$C$38:$BB$38)+SUMPRODUCT(Oxides_max!$C9:$BB9,Factors!$C$38:$BB$38))/2) -> 0.8 | AF9: =MAX(0,(SUMPRODUCT(Oxides_min!$C9:$BB9,Factors!$C$39:$BB$39)+SUMPRODUCT(Oxides_max!$C9:$BB9,Factors!$C$39:$BB$39))/2) -> 0 | AG9: =MAX(0,(SUMPRODUCT(Oxides_min!$C9:$BB9,Factors!$C$40:$BB$40)+SUMPRODUCT(Oxides_max!$C9:$BB9,Factors!$C$40:$BB$40))/2) -> 1.3182178 | AH9: =MAX(0,(SUMPRODUCT(Oxides_min!$C9:$BB9,Factors!$C$41:$BB$41)+SUMPRODUCT(Oxides_max!$C9:$BB9,Factors!$C$41:$BB$41))/2) -> 0 | AI9: =MAX(0,(SUMPRODUCT(Oxides_min!$C9:$BB9,Factors!$C$42:$BB$42)+SUMPRODUCT(Oxides_max!$C9:$BB9,Factors!$C$42:$BB$42))/2) -> 0 | AJ9: =MAX(0,(SUMPRODUCT(Oxides_min!$C9:$BB9,Factors!$C$43:$BB$43)+SUMPRODUCT(Oxides_max!$C9:$BB9,Factors!$C$43:$BB$43))/2) -> 1.1811659 | AK9: =MAX(0,(SUMPRODUCT(Oxides_min!$C9:$BB9,Factors!$C$44:$BB$44)+SUMPRODUCT(Oxides_max!$C9:$BB9,Factors!$C$44:$BB$44))/2) -> 6.3951236 | AL9: =MAX(0,(SUMPRODUCT(Oxides_min!$C9:$BB9,Factors!$C$45:$BB$45)+SUMPRODUCT(Oxides_max!$C9:$BB9,Factors!$C$45:$BB$45))/2) -> 11.952777 | AM9: =MAX(0,(SUMPRODUCT(Oxides_min!$C9:$BB9,Factors!$C$46:$BB$46)+SUMPRODUCT(Oxides_max!$C9:$BB9,Factors!$C$46:$BB$46))/2) -> 1.2817077 | AN9: =MAX(0,(SUMPRODUCT(Oxides_min!$C9:$BB9,Factors!$C$47:$BB$47)+SUMPRODUCT(Oxides_max!$C9:$BB9,Factors!$C$47:$BB$47))/2) -> 4.2867799 | AO9: =MAX(0,(SUMPRODUCT(Oxides_min!$C9:$BB9,Factors!$C$48:$BB$48)+SUMPRODUCT(Oxides_max!$C9:$BB9,Factors!$C$48:$BB$48))/2) -> 0.86236117 | AP9: =MAX(0,(SUMPRODUCT(Oxides_min!$C9:$BB9,Factors!$C$49:$BB$49)+SUMPRODUCT(Oxides_max!$C9:$BB9,Factors!$C$49:$BB$49))/2) -> 0.12954237 | AQ9: =MAX(0,(SUMPRODUCT(Oxides_min!$C9:$BB9,Factors!$C$50:$BB$50)+SUMPRODUCT(Oxides_max!$C9:$BB9,Factors!$C$50:$BB$50))/2) -> 0.43379669 | AR9: =MAX(0,(SUMPRODUCT(Oxides_min!$C9:$BB9,Factors!$C$51:$BB$51)+SUMPRODUCT(Oxides_max!$C9:$BB9,Factors!$C$51:$BB$51))/2) -> 0 | AS9: =MAX(0,(SUMPRODUCT(Oxides_min!$C9:$BB9,Factors!$C$52:$BB$52)+SUMPRODUCT(Oxides_max!$C9:$BB9,Factors!$C$52:$BB$52))/2) -> 0.1306981 | AT9: =MAX(0,(SUMPRODUCT(Oxides_min!$C9:$BB9,Factors!$C$53:$BB$53)+SUMPRODUCT(Oxides_max!$C9:$BB9,Factors!$C$53:$BB$53))/2) -> 0 | AU9: =MAX(0,(SUMPRODUCT(Oxides_min!$C9:$BB9,Factors!$C$54:$BB$54)+SUMPRODUCT(Oxides_max!$C9:$BB9,Factors!$C$54:$BB$54))/2) -> 0 | AV9: =MAX(0,(SUMPRODUCT(Oxides_min!$C9:$BB9,Factors!$C$55:$BB$55)+SUMPRODUCT(Oxides_max!$C9:$BB9,Factors!$C$55:$BB$55))/2) -> 0 | AW9: =MAX(0,(SUMPRODUCT(Oxides_min!$C9:$BB9,Factors!$C$56:$BB$56)+SUMPRODUCT(Oxides_max!$C9:$BB9,Factors!$C$56:$BB$56))/2) -> 0 | AX9: =MAX(0,(SUMPRODUCT(Oxides_min!$C9:$BB9,Factors!$C$57:$BB$57)+SUMPRODUCT(Oxides_max!$C9:$BB9,Factors!$C$57:$BB$57))/2) -> 0 | AY9: =MAX(0,(SUMPRODUCT(Oxides_min!$C9:$BB9,Factors!$C$58:$BB$58)+SUMPRODUCT(Oxides_max!$C9:$BB9,Factors!$C$58:$BB$58))/2) -> 0 | AZ9: =SUM(B9:AY9) -> 111.36315
A10: Cerianite-(Ce) | B10: =MAX(0,(SUMPRODUCT(Oxides_min!$C10:$BB10,Factors!$C$9:$BB$9)+SUMPRODUCT(Oxides_max!$C10:$BB10,Factors!$C$9:$BB$9))/2) -> 21.23064 | C10: =MAX(0,(SUMPRODUCT(Oxides_min!$C10:$BB10,Factors!$C$10:$BB$10)+SUMPRODUCT(Oxides_max!$C10:$BB10,Factors!$C$10:$BB$10))/2) -> 0.46743671 | D10: =MAX(0,(SUMPRODUCT(Oxides_min!$C10:$BB10,Factors!$C$11:$BB$11)+SUMPRODUCT(Oxides_max!$C10:$BB10,Factors!$C$11:$BB$11))/2) -> 0 | E10: =MAX(0,(SUMPRODUCT(Oxides_min!$C10:$BB10,Factors!$C$12:$BB$12)+SUMPRODUCT(Oxides_max!$C10:$BB10,Factors!$C$12:$BB$12))/2) -> 0.25911282 | F10: =MAX(0,(SUMPRODUCT(Oxides_min!$C10:$BB10,Factors!$C$13:$BB$13)+SUMPRODUCT(Oxides_max!$C10:$BB10,Factors!$C$13:$BB$13))/2) -> 0 | G10: =MAX(0,(SUMPRODUCT(Oxides_min!$C10:$BB10,Factors!$C$14:$BB$14)+SUMPRODUCT(Oxides_max!$C10:$BB10,Factors!$C$14:$BB$14))/2) -> 0 | H10: =MAX(0,(SUMPRODUCT(Oxides_min!$C10:$BB10,Factors!$C$15:$BB$15)+SUMPRODUCT(Oxides_max!$C10:$BB10,Factors!$C$15:$BB$15))/2) -> 0 | I10: =MAX(0,(SUMPRODUCT(Oxides_min!$C10:$BB10,Factors!$C$16:$BB$16)+SUMPRODUCT(Oxides_max!$C10:$BB10,Factors!$C$16:$BB$16))/2) -> 1.1659638 | J10: =MAX(0,(SUMPRODUCT(Oxides_min!$C10:$BB10,Factors!$C$17:$BB$17)+SUMPRODUCT(Oxides_max!$C10:$BB10,Factors!$C$17:$BB$17))/2) -> 0 | K10: =MAX(0,(SUMPRODUCT(Oxides_min!$C10:$BB10,Factors!$C$18:$BB$18)+SUMPRODUCT(Oxides_max!$C10:$BB10,Factors!$C$18:$BB$18))/2) -> 0 | L10: =MAX(0,(SUMPRODUCT(Oxides_min!$C10:$BB10,Factors!$C$19:$BB$19)+SUMPRODUCT(Oxides_max!$C10:$BB10,Factors!$C$19:$BB$19))/2) -> 0 | M10: =MAX(0,(SUMPRODUCT(Oxides_min!$C10:$BB10,Factors!$C$20:$BB$20)+SUMPRODUCT(Oxides_max!$C10:$BB10,Factors!$C$20:$BB$20))/2) -> 0 | N10: =MAX(0,(SUMPRODUCT(Oxides_min!$C10:$BB10,Factors!$C$21:$BB$21)+SUMPRODUCT(Oxides_max!$C10:$BB10,Factors!$C$21:$BB$21))/2) -> 0.89336983 | O10: =MAX(0,(SUMPRODUCT(Oxides_min!$C10:$BB10,Factors!$C$22:$BB$22)+SUMPRODUCT(Oxides_max!$C10:$BB10,Factors!$C$22:$BB$22))/2) -> 0 | P10: =MAX(0,(SUMPRODUCT(Oxides_min!$C10:$BB10,Factors!$C$23:$BB$23)+SUMPRODUCT(Oxides_max!$C10:$BB10,Factors!$C$23:$BB$23))/2) -> 0 | Q10: =MAX(0,(SUMPRODUCT(Oxides_min!$C10:$BB10,Factors!$C$24:$BB$24)+SUMPRODUCT(Oxides_max!$C10:$BB10,Factors!$C$24:$BB$24))/2) -> 0 | R10: =MAX(0,(SUMPRODUCT(Oxides_min!$C10:$BB10,Factors!$C$25:$BB$25)+SUMPRODUCT(Oxides_max!$C10:$BB10,Factors!$C$25:$BB$25))/2) -> 0 | S10: =MAX(0,(SUMPRODUCT(Oxides_min!$C10:$BB10,Factors!$C$26:$BB$26)+SUMPRODUCT(Oxides_max!$C10:$BB10,Factors!$C$26:$BB$26))/2) -> 0 | T10: =MAX(0,(SUMPRODUCT(Oxides_min!$C10:$BB10,Factors!$C$27:$BB$27)+SUMPRODUCT(Oxides_max!$C10:$BB10,Factors!$C$27:$BB$27))/2) -> 0 | U10: =MAX(0,(SUMPRODUCT(Oxides_min!$C10:$BB10,Factors!$C$28:$BB$28)+SUMPRODUCT(Oxides_max!$C10:$BB10,Factors!$C$28:$BB$28))/2) -> 0 | V10: =MAX(0,(SUMPRODUCT(Oxides_min!$C10:$BB10,Factors!$C$29:$BB$29)+SUMPRODUCT(Oxides_max!$C10:$BB10,Factors!$C$29:$BB$29))/2) -> 0 | W10: =MAX(0,(SUMPRODUCT(Oxides_min!$C10:$BB10,Factors!$C$30:$BB$30)+SUMPRODUCT(Oxides_max!$C10:$BB10,Factors!$C$30:$BB$30))/2) -> 0.6990494 | X10: =MAX(0,(SUMPRODUCT(Oxides_min!$C10:$BB10,Factors!$C$31:$BB$31)+SUMPRODUCT(Oxides_max!$C10:$BB10,Factors!$C$31:$BB$31))/2) -> 0.28663988 | Y10: =MAX(0,(SUMPRODUCT(Oxides_min!$C10:$BB10,Factors!$C$32:$BB$32)+SUMPRODUCT(Oxides_max!$C10:$BB10,Factors!$C$32:$BB$32))/2) -> 0 | Z10: =MAX(0,(SUMPRODUCT(Oxides_min!$C10:$BB10,Factors!$C$33:$BB$33)+SUMPRODUCT(Oxides_max!$C10:$BB10,Factors!$C$33:$BB$33))/2) -> 0.43642682 | AA10: =MAX(0,(SUMPRODUCT(Oxides_min!$C10:$BB10,Factors!$C$34:$BB$34)+SUMPRODUCT(Oxides_max!$C10:$BB10,Factors!$C$34:$BB$34))/2) -> 0 | AB10: =MAX(0,(SUMPRODUCT(Oxides_min!$C10:$BB10,Factors!$C$35:$BB$35)+SUMPRODUCT(Oxides_max!$C10:$BB10,Factors!$C$35:$BB$35))/2) -> 0 | AC10: =MAX(0,(SUMPRODUCT(Oxides_min!$C10:$BB10,Factors!$C$36:$BB$36)+SUMPRODUCT(Oxides_max!$C10:$BB10,Factors!$C$36:$BB$36))/2) -> 0 | AD10: =MAX(0,(SUMPRODUCT(Oxides_min!$C10:$BB10,Factors!$C$37:$BB$37)+SUMPRODUCT(Oxides_max!$C10:$BB10,Factors!$C$37:$BB$37))/2) -> 0.16786012 | AE10: =MAX(0,(SUMPRODUCT(Oxides_min!$C10:$BB10,Factors!$C$38:$BB$38)+SUMPRODUCT(Oxides_max!$C10:$BB10,Factors!$C$38:$BB$38))/2) -> 0 | AF10: =MAX(0,(SUMPRODUCT(Oxides_min!$C10:$BB10,Factors!$C$39:$BB$39)+SUMPRODUCT(Oxides_max!$C10:$BB10,Factors!$C$39:$BB$39))/2) -> 0 | AG10: =MAX(0,(SUMPRODUCT(Oxides_min!$C10:$BB10,Factors!$C$40:$BB$40)+SUMPRODUCT(Oxides_max!$C10:$BB10,Factors!$C$40:$BB$40))/2) -> 3.5152474 | AH10: =MAX(0,(SUMPRODUCT(Oxides_min!$C10:$BB10,Factors!$C$41:$BB$41)+SUMPRODUCT(Oxides_max!$C10:$BB10,Factors!$C$41:$BB$41))/2) -> 0 | AI10: =MAX(0,(SUMPRODUCT(Oxides_min!$C10:$BB10,Factors!$C$42:$BB$42)+SUMPRODUCT(Oxides_max!$C10:$BB10,Factors!$C$42:$BB$42))/2) -> 0 | AJ10: =MAX(0,(SUMPRODUCT(Oxides_min!$C10:$BB10,Factors!$C$43:$BB$43)+SUMPRODUCT(Oxides_max!$C10:$BB10,Factors!$C$43:$BB$43))/2) -> 0.59058297 | AK10: =MAX(0,(SUMPRODUCT(Oxides_min!$C10:$BB10,Factors!$C$44:$BB$44)+SUMPRODUCT(Oxides_max!$C10:$BB10,Factors!$C$44:$BB$44))/2) -> 1.2790247 | AL10: =MAX(0,(SUMPRODUCT(Oxides_min!$C10:$BB10,Factors!$C$45:$BB$45)+SUMPRODUCT(Oxides_max!$C10:$BB10,Factors!$C$45:$BB$45))/2) -> 71.639774 | AM10: =MAX(0,(SUMPRODUCT(Oxides_min!$C10:$BB10,Factors!$C$46:$BB$46)+SUMPRODUCT(Oxides_max!$C10:$BB10,Factors!$C$46:$BB$46))/2) -> 0.42723589 | AN10: =MAX(0,(SUMPRODUCT(Oxides_min!$C10:$BB10,Factors!$C$47:$BB$47)+SUMPRODUCT(Oxides_max!$C10:$BB10,Factors!$C$47:$BB$47))/2) -> 1.714712 | AO10: =MAX(0,(SUMPRODUCT(Oxides_min!$C10:$BB10,Factors!$C$48:$BB$48)+SUMPRODUCT(Oxides_max!$C10:$BB10,Factors!$C$48:$BB$48))/2) -> 0 | AP10: =MAX(0,(SUMPRODUCT(Oxides_min!$C10:$BB10,Factors!$C$49:$BB$49)+SUMPRODUCT(Oxides_max!$C10:$BB10,Factors!$C$49:$BB$49))/2) -> 0 | AQ10: =MAX(0,(SUMPRODUCT(Oxides_min!$C10:$BB10,Factors!$C$50:$BB$50)+SUMPRODUCT(Oxides_max!$C10:$BB10,Factors!$C$50:$BB$50))/2) -> 0 | AR10: =MAX(0,(SUMPRODUCT(Oxides_min!$C10:$BB10,Factors!$C$51:$BB$51)+SUMPRODUCT(Oxides_max!$C10:$BB10,Factors!$C$51:$BB$51))/2) -> 0 | AS10: =MAX(0,(SUMPRODUCT(Oxides_min!$C10:$BB10,Factors!$C$52:$BB$52)+SUMPRODUCT(Oxides_max!$C10:$BB10,Factors!$C$52:$BB$52))/2) -> 0 | AT10: =MAX(0,(SUMPRODUCT(Oxides_min!$C10:$BB10,Factors!$C$53:$BB$53)+SUMPRODUCT(Oxides_max!$C10:$BB10,Factors!$C$53:$BB$53))/2) -> 0 | AU10: =MAX(0,(SUMPRODUCT(Oxides_min!$C10:$BB10,Factors!$C$54:$BB$54)+SUMPRODUCT(Oxides_max!$C10:$BB10,Factors!$C$54:$BB$54))/2) -> 0 | AV10: =MAX(0,(SUMPRODUCT(Oxides_min!$C10:$BB10,Factors!$C$55:$BB$55)+SUMPRODUCT(Oxides_max!$C10:$BB10,Factors!$C$55:$BB$55))/2) -> 0 | AW10: =MAX(0,(SUMPRODUCT(Oxides_min!$C10:$BB10,Factors!$C$56:$BB$56)+SUMPRODUCT(Oxides_max!$C10:$BB10,Factors!$C$56:$BB$56))/2) -> 0.52692426 | AX10: =MAX(0,(SUMPRODUCT(Oxides_min!$C10:$BB10,Factors!$C$57:$BB$57)+SUMPRODUCT(Oxides_max!$C10:$BB10,Factors!$C$57:$BB$57))/2) -> 0 | AY10: =MAX(0,(SUMPRODUCT(Oxides_min!$C10:$BB10,Factors!$C$58:$BB$58)+SUMPRODUCT(Oxides_max!$C10:$BB10,Factors!$C$58:$BB$58))/2) -> 0 | AZ10: =SUM(B10:AY10) -> 105.3
A11: Pyrochlore (REE-bearing, carbonatite) | B11: =MAX(0,(SUMPRODUCT(Oxides_min!$C11:$BB11,Factors!$C$9:$BB$9)+SUMPRODUCT(Oxides_max!$C11:$BB11,Factors!$C$9:$BB$9))/2) -> 29.373347 | C11: =MAX(0,(SUMPRODUCT(Oxides_min!$C11:$BB11,Factors!$C$10:$BB$10)+SUMPRODUCT(Oxides_max!$C11:$BB11,Factors!$C$10:$BB$10))/2) -> 0.67778323 | D11: =MAX(0,(SUMPRODUCT(Oxides_min!$C11:$BB11,Factors!$C$11:$BB$11)+SUMPRODUCT(Oxides_max!$C11:$BB11,Factors!$C$11:$BB$11))/2) -> 3.296419 | E11: =MAX(0,(SUMPRODUCT(Oxides_min!$C11:$BB11,Factors!$C$12:$BB$12)+SUMPRODUCT(Oxides_max!$C11:$BB11,Factors!$C$12:$BB$12))/2) -> 2.3320154 | F11: =MAX(0,(SUMPRODUCT(Oxides_min!$C11:$BB11,Factors!$C$13:$BB$13)+SUMPRODUCT(Oxides_max!$C11:$BB11,Factors!$C$13:$BB$13))/2) -> 0 | G11: =MAX(0,(SUMPRODUCT(Oxides_min!$C11:$BB11,Factors!$C$14:$BB$14)+SUMPRODUCT(Oxides_max!$C11:$BB11,Factors!$C$14:$BB$14))/2) -> 0 | H11: =MAX(0,(SUMPRODUCT(Oxides_min!$C11:$BB11,Factors!$C$15:$BB$15)+SUMPRODUCT(Oxides_max!$C11:$BB11,Factors!$C$15:$BB$15))/2) -> 0.026462846 | I11: =MAX(0,(SUMPRODUCT(Oxides_min!$C11:$BB11,Factors!$C$16:$BB$16)+SUMPRODUCT(Oxides_max!$C11:$BB11,Factors!$C$16:$BB$16))/2) -> 0.97163646 | J11: =MAX(0,(SUMPRODUCT(Oxides_min!$C11:$BB11,Factors!$C$17:$BB$17)+SUMPRODUCT(Oxides_max!$C11:$BB11,Factors!$C$17:$BB$17))/2) -> 0.38723099 | K11: =MAX(0,(SUMPRODUCT(Oxides_min!$C11:$BB11,Factors!$C$18:$BB$18)+SUMPRODUCT(Oxides_max!$C11:$BB11,Factors!$C$18:$BB$18))/2) -> 0 | L11: =MAX(0,(SUMPRODUCT(Oxides_min!$C11:$BB11,Factors!$C$19:$BB$19)+SUMPRODUCT(Oxides_max!$C11:$BB11,Factors!$C$19:$BB$19))/2) -> 0 | M11: =MAX(0,(SUMPRODUCT(Oxides_min!$C11:$BB11,Factors!$C$20:$BB$20)+SUMPRODUCT(Oxides_max!$C11:$BB11,Factors!$C$20:$BB$20))/2) -> 0.090456282 | N11: =MAX(0,(SUMPRODUCT(Oxides_min!$C11:$BB11,Factors!$C$21:$BB$21)+SUMPRODUCT(Oxides_max!$C11:$BB11,Factors!$C$21:$BB$21))/2) -> 10.005742 | O11: =MAX(0,(SUMPRODUCT(Oxides_min!$C11:$BB11,Factors!$C$22:$BB$22)+SUMPRODUCT(Oxides_max!$C11:$BB11,Factors!$C$22:$BB$22))/2) -> 1.6911956 | P11: =MAX(0,(SUMPRODUCT(Oxides_min!$C11:$BB11,Factors!$C$23:$BB$23)+SUMPRODUCT(Oxides_max!$C11:$BB11,Factors!$C$23:$BB$23))/2) -> 1.0300018 | Q11: =MAX(0,(SUMPRODUCT(Oxides_min!$C11:$BB11,Factors!$C$24:$BB$24)+SUMPRODUCT(Oxides_max!$C11:$BB11,Factors!$C$24:$BB$24))/2) -> 0.23207989 | R11: =MAX(0,(SUMPRODUCT(Oxides_min!$C11:$BB11,Factors!$C$25:$BB$25)+SUMPRODUCT(Oxides_max!$C11:$BB11,Factors!$C$25:$BB$25))/2) -> 3.4125664 | S11: =MAX(0,(SUMPRODUCT(Oxides_min!$C11:$BB11,Factors!$C$26:$BB$26)+SUMPRODUCT(Oxides_max!$C11:$BB11,Factors!$C$26:$BB$26))/2) -> 0.041507565 | T11: =MAX(0,(SUMPRODUCT(Oxides_min!$C11:$BB11,Factors!$C$27:$BB$27)+SUMPRODUCT(Oxides_max!$C11:$BB11,Factors!$C$27:$BB$27))/2) -> 0 | U11: =MAX(0,(SUMPRODUCT(Oxides_min!$C11:$BB11,Factors!$C$28:$BB$28)+SUMPRODUCT(Oxides_max!$C11:$BB11,Factors!$C$28:$BB$28))/2) -> 0 | V11: =MAX(0,(SUMPRODUCT(Oxides_min!$C11:$BB11,Factors!$C$29:$BB$29)+SUMPRODUCT(Oxides_max!$C11:$BB11,Factors!$C$29:$BB$29))/2) -> 0 | W11: =MAX(0,(SUMPRODUCT(Oxides_min!$C11:$BB11,Factors!$C$30:$BB$30)+SUMPRODUCT(Oxides_max!$C11:$BB11,Factors!$C$30:$BB$30))/2) -> 39.845816 | X11: =MAX(0,(SUMPRODUCT(Oxides_min!$C11:$BB11,Factors!$C$31:$BB$31)+SUMPRODUCT(Oxides_max!$C11:$BB11,Factors!$C$31:$BB$31))/2) -> 2.6616561 | Y11: =MAX(0,(SUMPRODUCT(Oxides_min!$C11:$BB11,Factors!$C$32:$BB$32)+SUMPRODUCT(Oxides_max!$C11:$BB11,Factors!$C$32:$BB$32))/2) -> 0 | Z11: =MAX(0,(SUMPRODUCT(Oxides_min!$C11:$BB11,Factors!$C$33:$BB$33)+SUMPRODUCT(Oxides_max!$C11:$BB11,Factors!$C$33:$BB$33))/2) -> 0 | AA11: =MAX(0,(SUMPRODUCT(Oxides_min!$C11:$BB11,Factors!$C$34:$BB$34)+SUMPRODUCT(Oxides_max!$C11:$BB11,Factors!$C$34:$BB$34))/2) -> 0 | AB11: =MAX(0,(SUMPRODUCT(Oxides_min!$C11:$BB11,Factors!$C$35:$BB$35)+SUMPRODUCT(Oxides_max!$C11:$BB11,Factors!$C$35:$BB$35))/2) -> 0 | AC11: =MAX(0,(SUMPRODUCT(Oxides_min!$C11:$BB11,Factors!$C$36:$BB$36)+SUMPRODUCT(Oxides_max!$C11:$BB11,Factors!$C$36:$BB$36))/2) -> 0 | AD11: =MAX(0,(SUMPRODUCT(Oxides_min!$C11:$BB11,Factors!$C$37:$BB$37)+SUMPRODUCT(Oxides_max!$C11:$BB11,Factors!$C$37:$BB$37))/2) -> 0.16786012 | AE11: =MAX(0,(SUMPRODUCT(Oxides_min!$C11:$BB11,Factors!$C$38:$BB$38)+SUMPRODUCT(Oxides_max!$C11:$BB11,Factors!$C$38:$BB$38))/2) -> 3.1 | AF11: =MAX(0,(SUMPRODUCT(Oxides_min!$C11:$BB11,Factors!$C$39:$BB$39)+SUMPRODUCT(Oxides_max!$C11:$BB11,Factors!$C$39:$BB$39))/2) -> 0 | AG11: =MAX(0,(SUMPRODUCT(Oxides_min!$C11:$BB11,Factors!$C$40:$BB$40)+SUMPRODUCT(Oxides_max!$C11:$BB11,Factors!$C$40:$BB$40))/2) -> 2.5046138 | AH11: =MAX(0,(SUMPRODUCT(Oxides_min!$C11:$BB11,Factors!$C$41:$BB$41)+SUMPRODUCT(Oxides_max!$C11:$BB11,Factors!$C$41:$BB$41))/2) -> 2.2037517 | AI11: =MAX(0,(SUMPRODUCT(Oxides_min!$C11:$BB11,Factors!$C$42:$BB$42)+SUMPRODUCT(Oxides_max!$C11:$BB11,Factors!$C$42:$BB$42))/2) -> 0 | AJ11: =MAX(0,(SUMPRODUCT(Oxides_min!$C11:$BB11,Factors!$C$43:$BB$43)+SUMPRODUCT(Oxides_max!$C11:$BB11,Factors!$C$43:$BB$43))/2) -> 0.19686099 | AK11: =MAX(0,(SUMPRODUCT(Oxides_min!$C11:$BB11,Factors!$C$44:$BB$44)+SUMPRODUCT(Oxides_max!$C11:$BB11,Factors!$C$44:$BB$44))/2) -> 1.0658539 | AL11: =MAX(0,(SUMPRODUCT(Oxides_min!$C11:$BB11,Factors!$C$45:$BB$45)+SUMPRODUCT(Oxides_max!$C11:$BB11,Factors!$C$45:$BB$45))/2) -> 3.4150791 | AM11: =MAX(0,(SUMPRODUCT(Oxides_min!$C11:$BB11,Factors!$C$46:$BB$46)+SUMPRODUCT(Oxides_max!$C11:$BB11,Factors!$C$46:$BB$46))/2) -> 0.25634153 | AN11: =MAX(0,(SUMPRODUCT(Oxides_min!$C11:$BB11,Factors!$C$47:$BB$47)+SUMPRODUCT(Oxides_max!$C11:$BB11,Factors!$C$47:$BB$47))/2) -> 0.98595939 | AO11: =MAX(0,(SUMPRODUCT(Oxides_min!$C11:$BB11,Factors!$C$48:$BB$48)+SUMPRODUCT(Oxides_max!$C11:$BB11,Factors!$C$48:$BB$48))/2) -> 0.17247223 | AP11: =MAX(0,(SUMPRODUCT(Oxides_min!$C11:$BB11,Factors!$C$49:$BB$49)+SUMPRODUCT(Oxides_max!$C11:$BB11,Factors!$C$49:$BB$49))/2) -> 0 | AQ11: =MAX(0,(SUMPRODUCT(Oxides_min!$C11:$BB11,Factors!$C$50:$BB$50)+SUMPRODUCT(Oxides_max!$C11:$BB11,Factors!$C$50:$BB$50))/2) -> 0 | AR11: =MAX(0,(SUMPRODUCT(Oxides_min!$C11:$BB11,Factors!$C$51:$BB$51)+SUMPRODUCT(Oxides_max!$C11:$BB11,Factors!$C$51:$BB$51))/2) -> 0 | AS11: =MAX(0,(SUMPRODUCT(Oxides_min!$C11:$BB11,Factors!$C$52:$BB$52)+SUMPRODUCT(Oxides_max!$C11:$BB11,Factors!$C$52:$BB$52))/2) -> 0 | AT11: =MAX(0,(SUMPRODUCT(Oxides_min!$C11:$BB11,Factors!$C$53:$BB$53)+SUMPRODUCT(Oxides_max!$C11:$BB11,Factors!$C$53:$BB$53))/2) -> 0 | AU11: =MAX(0,(SUMPRODUCT(Oxides_min!$C11:$BB11,Factors!$C$54:$BB$54)+SUMPRODUCT(Oxides_max!$C11:$BB11,Factors!$C$54:$BB$54))/2) -> 0 | AV11: =MAX(0,(SUMPRODUCT(Oxides_min!$C11:$BB11,Factors!$C$55:$BB$55)+SUMPRODUCT(Oxides_max!$C11:$BB11,Factors!$C$55:$BB$55))/2) -> 0 | AW11: =MAX(0,(SUMPRODUCT(Oxides_min!$C11:$BB11,Factors!$C$56:$BB$56)+SUMPRODUCT(Oxides_max!$C11:$BB11,Factors!$C$56:$BB$56))/2) -> 0 | AX11: =MAX(0,(SUMPRODUCT(Oxides_min!$C11:$BB11,Factors!$C$57:$BB$57)+SUMPRODUCT(Oxides_max!$C11:$BB11,Factors!$C$57:$BB$57))/2) -> 0 | AY11: =MAX(0,(SUMPRODUCT(Oxides_min!$C11:$BB11,Factors!$C$58:$BB$58)+SUMPRODUCT(Oxides_max!$C11:$BB11,Factors!$C$58:$BB$58))/2) -> 0 | AZ11: =SUM(B11:AY11) -> 110.14471
A12: Ancylite-(Ce) | B12: =MAX(0,(SUMPRODUCT(Oxides_min!$C12:$BB12,Factors!$C$9:$BB$9)+SUMPRODUCT(Oxides_max!$C12:$BB12,Factors!$C$9:$BB$9))/2) -> 33.263731 | C12: =MAX(0,(SUMPRODUCT(Oxides_min!$C12:$BB12,Factors!$C$10:$BB$10)+SUMPRODUCT(Oxides_max!$C12:$BB12,Factors!$C$10:$BB$10))/2) -> 0 | D12: =MAX(0,(SUMPRODUCT(Oxides_min!$C12:$BB12,Factors!$C$11:$BB$11)+SUMPRODUCT(Oxides_max!$C12:$BB12,Factors!$C$11:$BB$11))/2) -> 0 | E12: =MAX(0,(SUMPRODUCT(Oxides_min!$C12:$BB12,Factors!$C$12:$BB$12)+SUMPRODUCT(Oxides_max!$C12:$BB12,Factors!$C$12:$BB$12))/2) -> 0 | F12: =MAX(0,(SUMPRODUCT(Oxides_min!$C12:$BB12,Factors!$C$13:$BB$13)+SUMPRODUCT(Oxides_max!$C12:$BB12,Factors!$C$13:$BB$13))/2) -> 0 | G12: =MAX(0,(SUMPRODUCT(Oxides_min!$C12:$BB12,Factors!$C$14:$BB$14)+SUMPRODUCT(Oxides_max!$C12:$BB12,Factors!$C$14:$BB$14))/2) -> 0 | H12: =MAX(0,(SUMPRODUCT(Oxides_min!$C12:$BB12,Factors!$C$15:$BB$15)+SUMPRODUCT(Oxides_max!$C12:$BB12,Factors!$C$15:$BB$15))/2) -> 0 | I12: =MAX(0,(SUMPRODUCT(Oxides_min!$C12:$BB12,Factors!$C$16:$BB$16)+SUMPRODUCT(Oxides_max!$C12:$BB12,Factors!$C$16:$BB$16))/2) -> 0.15546183 | J12: =MAX(0,(SUMPRODUCT(Oxides_min!$C12:$BB12,Factors!$C$17:$BB$17)+SUMPRODUCT(Oxides_max!$C12:$BB12,Factors!$C$17:$BB$17))/2) -> 0 | K12: =MAX(0,(SUMPRODUCT(Oxides_min!$C12:$BB12,Factors!$C$18:$BB$18)+SUMPRODUCT(Oxides_max!$C12:$BB12,Factors!$C$18:$BB$18))/2) -> 0 | L12: =MAX(0,(SUMPRODUCT(Oxides_min!$C12:$BB12,Factors!$C$19:$BB$19)+SUMPRODUCT(Oxides_max!$C12:$BB12,Factors!$C$19:$BB$19))/2) -> 0 | M12: =MAX(0,(SUMPRODUCT(Oxides_min!$C12:$BB12,Factors!$C$20:$BB$20)+SUMPRODUCT(Oxides_max!$C12:$BB12,Factors!$C$20:$BB$20))/2) -> 0 | N12: =MAX(0,(SUMPRODUCT(Oxides_min!$C12:$BB12,Factors!$C$21:$BB$21)+SUMPRODUCT(Oxides_max!$C12:$BB12,Factors!$C$21:$BB$21))/2) -> 1.7867397 | O12: =MAX(0,(SUMPRODUCT(Oxides_min!$C12:$BB12,Factors!$C$22:$BB$22)+SUMPRODUCT(Oxides_max!$C12:$BB12,Factors!$C$22:$BB$22))/2) -> 18.603152 | P12: =MAX(0,(SUMPRODUCT(Oxides_min!$C12:$BB12,Factors!$C$23:$BB$23)+SUMPRODUCT(Oxides_max!$C12:$BB12,Factors!$C$23:$BB$23))/2) -> 0.67174028 | Q12: =MAX(0,(SUMPRODUCT(Oxides_min!$C12:$BB12,Factors!$C$24:$BB$24)+SUMPRODUCT(Oxides_max!$C12:$BB12,Factors!$C$24:$BB$24))/2) -> 0 | R12: =MAX(0,(SUMPRODUCT(Oxides_min!$C12:$BB12,Factors!$C$25:$BB$25)+SUMPRODUCT(Oxides_max!$C12:$BB12,Factors!$C$25:$BB$25))/2) -> 0 | S12: =MAX(0,(SUMPRODUCT(Oxides_min!$C12:$BB12,Factors!$C$26:$BB$26)+SUMPRODUCT(Oxides_max!$C12:$BB12,Factors!$C$26:$BB$26))/2) -> 0 | T12: =MAX(0,(SUMPRODUCT(Oxides_min!$C12:$BB12,Factors!$C$27:$BB$27)+SUMPRODUCT(Oxides_max!$C12:$BB12,Factors!$C$27:$BB$27))/2) -> 0 | U12: =MAX(0,(SUMPRODUCT(Oxides_min!$C12:$BB12,Factors!$C$28:$BB$28)+SUMPRODUCT(Oxides_max!$C12:$BB12,Factors!$C$28:$BB$28))/2) -> 0 | V12: =MAX(0,(SUMPRODUCT(Oxides_min!$C12:$BB12,Factors!$C$29:$BB$29)+SUMPRODUCT(Oxides_max!$C12:$BB12,Factors!$C$29:$BB$29))/2) -> 0 | W12: =MAX(0,(SUMPRODUCT(Oxides_min!$C12:$BB12,Factors!$C$30:$BB$30)+SUMPRODUCT(Oxides_max!$C12:$BB12,Factors!$C$30:$BB$30))/2) -> 0 | X12: =MAX(0,(SUMPRODUCT(Oxides_min!$C12:$BB12,Factors!$C$31:$BB$31)+SUMPRODUCT(Oxides_max!$C12:$BB12,Factors!$C$31:$BB$31))/2) -> 0 | Y12: =MAX(0,(SUMPRODUCT(Oxides_min!$C12:$BB12,Factors!$C$32:$BB$32)+SUMPRODUCT(Oxides_max!$C12:$BB12,Factors!$C$32:$BB$32))/2) -> 0 | Z12: =MAX(0,(SUMPRODUCT(Oxides_min!$C12:$BB12,Factors!$C$33:$BB$33)+SUMPRODUCT(Oxides_max!$C12:$BB12,Factors!$C$33:$BB$33))/2) -> 0 | AA12: =MAX(0,(SUMPRODUCT(Oxides_min!$C12:$BB12,Factors!$C$34:$BB$34)+SUMPRODUCT(Oxides_max!$C12:$BB12,Factors!$C$34:$BB$34))/2) -> 0 | AB12: =MAX(0,(SUMPRODUCT(Oxides_min!$C12:$BB12,Factors!$C$35:$BB$35)+SUMPRODUCT(Oxides_max!$C12:$BB12,Factors!$C$35:$BB$35))/2) -> 0 | AC12: =MAX(0,(SUMPRODUCT(Oxides_min!$C12:$BB12,Factors!$C$36:$BB$36)+SUMPRODUCT(Oxides_max!$C12:$BB12,Factors!$C$36:$BB$36))/2) -> 6.3454237 | AD12: =MAX(0,(SUMPRODUCT(Oxides_min!$C12:$BB12,Factors!$C$37:$BB$37)+SUMPRODUCT(Oxides_max!$C12:$BB12,Factors!$C$37:$BB$37))/2) -> 0.72739384 | AE12: =MAX(0,(SUMPRODUCT(Oxides_min!$C12:$BB12,Factors!$C$38:$BB$38)+SUMPRODUCT(Oxides_max!$C12:$BB12,Factors!$C$38:$BB$38))/2) -> 1.1 | AF12: =MAX(0,(SUMPRODUCT(Oxides_min!$C12:$BB12,Factors!$C$39:$BB$39)+SUMPRODUCT(Oxides_max!$C12:$BB12,Factors!$C$39:$BB$39))/2) -> 0 | AG12: =MAX(0,(SUMPRODUCT(Oxides_min!$C12:$BB12,Factors!$C$40:$BB$40)+SUMPRODUCT(Oxides_max!$C12:$BB12,Factors!$C$40:$BB$40))/2) -> 0.65910888 | AH12: =MAX(0,(SUMPRODUCT(Oxides_min!$C12:$BB12,Factors!$C$41:$BB$41)+SUMPRODUCT(Oxides_max!$C12:$BB12,Factors!$C$41:$BB$41))/2) -> 0 | AI12: =MAX(0,(SUMPRODUCT(Oxides_min!$C12:$BB12,Factors!$C$42:$BB$42)+SUMPRODUCT(Oxides_max!$C12:$BB12,Factors!$C$42:$BB$42))/2) -> 0 | AJ12: =MAX(0,(SUMPRODUCT(Oxides_min!$C12:$BB12,Factors!$C$43:$BB$43)+SUMPRODUCT(Oxides_max!$C12:$BB12,Factors!$C$43:$BB$43))/2) -> 0.19686099 | AK12: =MAX(0,(SUMPRODUCT(Oxides_min!$C12:$BB12,Factors!$C$44:$BB$44)+SUMPRODUCT(Oxides_max!$C12:$BB12,Factors!$C$44:$BB$44))/2) -> 11.937564 | AL12: =MAX(0,(SUMPRODUCT(Oxides_min!$C12:$BB12,Factors!$C$45:$BB$45)+SUMPRODUCT(Oxides_max!$C12:$BB12,Factors!$C$45:$BB$45))/2) -> 19.20982 | AM12: =MAX(0,(SUMPRODUCT(Oxides_min!$C12:$BB12,Factors!$C$46:$BB$46)+SUMPRODUCT(Oxides_max!$C12:$BB12,Factors!$C$46:$BB$46))/2) -> 1.7089436 | AN12: =MAX(0,(SUMPRODUCT(Oxides_min!$C12:$BB12,Factors!$C$47:$BB$47)+SUMPRODUCT(Oxides_max!$C12:$BB12,Factors!$C$47:$BB$47))/2) -> 5.5728139 | AO12: =MAX(0,(SUMPRODUCT(Oxides_min!$C12:$BB12,Factors!$C$48:$BB$48)+SUMPRODUCT(Oxides_max!$C12:$BB12,Factors!$C$48:$BB$48))/2) -> 0.43118058 | AP12: =MAX(0,(SUMPRODUCT(Oxides_min!$C12:$BB12,Factors!$C$49:$BB$49)+SUMPRODUCT(Oxides_max!$C12:$BB12,Factors!$C$49:$BB$49))/2) -> 0 | AQ12: =MAX(0,(SUMPRODUCT(Oxides_min!$C12:$BB12,Factors!$C$50:$BB$50)+SUMPRODUCT(Oxides_max!$C12:$BB12,Factors!$C$50:$BB$50))/2) -> 0.21689835 | AR12: =MAX(0,(SUMPRODUCT(Oxides_min!$C12:$BB12,Factors!$C$51:$BB$51)+SUMPRODUCT(Oxides_max!$C12:$BB12,Factors!$C$51:$BB$51))/2) -> 0 | AS12: =MAX(0,(SUMPRODUCT(Oxides_min!$C12:$BB12,Factors!$C$52:$BB$52)+SUMPRODUCT(Oxides_max!$C12:$BB12,Factors!$C$52:$BB$52))/2) -> 0 | AT12: =MAX(0,(SUMPRODUCT(Oxides_min!$C12:$BB12,Factors!$C$53:$BB$53)+SUMPRODUCT(Oxides_max!$C12:$BB12,Factors!$C$53:$BB$53))/2) -> 0 | AU12: =MAX(0,(SUMPRODUCT(Oxides_min!$C12:$BB12,Factors!$C$54:$BB$54)+SUMPRODUCT(Oxides_max!$C12:$BB12,Factors!$C$54:$BB$54))/2) -> 0 | AV12: =MAX(0,(SUMPRODUCT(Oxides_min!$C12:$BB12,Factors!$C$55:$BB$55)+SUMPRODUCT(Oxides_max!$C12:$BB12,Factors!$C$55:$BB$55))/2) -> 0 | AW12: =MAX(0,(SUMPRODUCT(Oxides_min!$C12:$BB12,Factors!$C$56:$BB$56)+SUMPRODUCT(Oxides_max!$C12:$BB12,Factors!$C$56:$BB$56))/2) -> 0 | AX12: =MAX(0,(SUMPRODUCT(Oxides_min!$C12:$BB12,Factors!$C$57:$BB$57)+SUMPRODUCT(Oxides_max!$C12:$BB12,Factors!$C$57:$BB$57))/2) -> 0 | AY12: =MAX(0,(SUMPRODUCT(Oxides_min!$C12:$BB12,Factors!$C$58:$BB$58)+SUMPRODUCT(Oxides_max!$C12:$BB12,Factors!$C$58:$BB$58))/2) -> 0 | AZ12: =SUM(B12:AY12) -> 102.58683
A13: Ion-adsorption REE clay ore (HREE type) | B13: =MAX(0,(SUMPRODUCT(Oxides_min!$C13:$BB13,Factors!$C$9:$BB$9)+SUMPRODUCT(Oxides_max!$C13:$BB13,Factors!$C$9:$BB$9))/2) -> 52.753135 | C13: =MAX(0,(SUMPRODUCT(Oxides_min!$C13:$BB13,Factors!$C$10:$BB$10)+SUMPRODUCT(Oxides_max!$C13:$BB13,Factors!$C$10:$BB$10))/2) -> 28.046203 | D13: =MAX(0,(SUMPRODUCT(Oxides_min!$C13:$BB13,Factors!$C$11:$BB$11)+SUMPRODUCT(Oxides_max!$C13:$BB13,Factors!$C$11:$BB$11))/2) -> 0.24872979 | E13: =MAX(0,(SUMPRODUCT(Oxides_min!$C13:$BB13,Factors!$C$12:$BB$12)+SUMPRODUCT(Oxides_max!$C13:$BB13,Factors!$C$12:$BB$12))/2) -> 0 | F13: =MAX(0,(SUMPRODUCT(Oxides_min!$C13:$BB13,Factors!$C$13:$BB$13)+SUMPRODUCT(Oxides_max!$C13:$BB13,Factors!$C$13:$BB$13))/2) -> 0 | G13: =MAX(0,(SUMPRODUCT(Oxides_min!$C13:$BB13,Factors!$C$14:$BB$14)+SUMPRODUCT(Oxides_max!$C13:$BB13,Factors!$C$14:$BB$14))/2) -> 0 | H13: =MAX(0,(SUMPRODUCT(Oxides_min!$C13:$BB13,Factors!$C$15:$BB$15)+SUMPRODUCT(Oxides_max!$C13:$BB13,Factors!$C$15:$BB$15))/2) -> 11.908281 | I13: =MAX(0,(SUMPRODUCT(Oxides_min!$C13:$BB13,Factors!$C$16:$BB$16)+SUMPRODUCT(Oxides_max!$C13:$BB13,Factors!$C$16:$BB$16))/2) -> 2.6228654 | J13: =MAX(0,(SUMPRODUCT(Oxides_min!$C13:$BB13,Factors!$C$17:$BB$17)+SUMPRODUCT(Oxides_max!$C13:$BB13,Factors!$C$17:$BB$17))/2) -> 0.14327547 | K13: =MAX(0,(SUMPRODUCT(Oxides_min!$C13:$BB13,Factors!$C$18:$BB$18)+SUMPRODUCT(Oxides_max!$C13:$BB13,Factors!$C$18:$BB$18))/2) -> 0 | L13: =MAX(0,(SUMPRODUCT(Oxides_min!$C13:$BB13,Factors!$C$19:$BB$19)+SUMPRODUCT(Oxides_max!$C13:$BB13,Factors!$C$19:$BB$19))/2) -> 0 | M13: =MAX(0,(SUMPRODUCT(Oxides_min!$C13:$BB13,Factors!$C$20:$BB$20)+SUMPRODUCT(Oxides_max!$C13:$BB13,Factors!$C$20:$BB$20))/2) -> 0.40102285 | N13: =MAX(0,(SUMPRODUCT(Oxides_min!$C13:$BB13,Factors!$C$21:$BB$21)+SUMPRODUCT(Oxides_max!$C13:$BB13,Factors!$C$21:$BB$21))/2) -> 0.1893944 | O13: =MAX(0,(SUMPRODUCT(Oxides_min!$C13:$BB13,Factors!$C$22:$BB$22)+SUMPRODUCT(Oxides_max!$C13:$BB13,Factors!$C$22:$BB$22))/2) -> 0 | P13: =MAX(0,(SUMPRODUCT(Oxides_min!$C13:$BB13,Factors!$C$23:$BB$23)+SUMPRODUCT(Oxides_max!$C13:$BB13,Factors!$C$23:$BB$23))/2) -> 0 | Q13: =MAX(0,(SUMPRODUCT(Oxides_min!$C13:$BB13,Factors!$C$24:$BB$24)+SUMPRODUCT(Oxides_max!$C13:$BB13,Factors!$C$24:$BB$24))/2) -> 0 | R13: =MAX(0,(SUMPRODUCT(Oxides_min!$C13:$BB13,Factors!$C$25:$BB$25)+SUMPRODUCT(Oxides_max!$C13:$BB13,Factors!$C$25:$BB$25))/2) -> 0.93845576 | S13: =MAX(0,(SUMPRODUCT(Oxides_min!$C13:$BB13,Factors!$C$26:$BB$26)+SUMPRODUCT(Oxides_max!$C13:$BB13,Factors!$C$26:$BB$26))/2) -> 2.6979917 | T13: =MAX(0,(SUMPRODUCT(Oxides_min!$C13:$BB13,Factors!$C$27:$BB$27)+SUMPRODUCT(Oxides_max!$C13:$BB13,Factors!$C$27:$BB$27))/2) -> 0 | U13: =MAX(0,(SUMPRODUCT(Oxides_min!$C13:$BB13,Factors!$C$28:$BB$28)+SUMPRODUCT(Oxides_max!$C13:$BB13,Factors!$C$28:$BB$28))/2) -> 0 | V13: =MAX(0,(SUMPRODUCT(Oxides_min!$C13:$BB13,Factors!$C$29:$BB$29)+SUMPRODUCT(Oxides_max!$C13:$BB13,Factors!$C$29:$BB$29))/2) -> 0 | W13: =MAX(0,(SUMPRODUCT(Oxides_min!$C13:$BB13,Factors!$C$30:$BB$30)+SUMPRODUCT(Oxides_max!$C13:$BB13,Factors!$C$30:$BB$30))/2) -> 0 | X13: =MAX(0,(SUMPRODUCT(Oxides_min!$C13:$BB13,Factors!$C$31:$BB$31)+SUMPRODUCT(Oxides_max!$C13:$BB13,Factors!$C$31:$BB$31))/2) -> 0 | Y13: =MAX(0,(SUMPRODUCT(Oxides_min!$C13:$BB13,Factors!$C$32:$BB$32)+SUMPRODUCT(Oxides_max!$C13:$BB13,Factors!$C$32:$BB$32))/2) -> 0 | Z13: =MAX(0,(SUMPRODUCT(Oxides_min!$C13:$BB13,Factors!$C$33:$BB$33)+SUMPRODUCT(Oxides_max!$C13:$BB13,Factors!$C$33:$BB$33))/2) -> 0.019639207 | AA13: =MAX(0,(SUMPRODUCT(Oxides_min!$C13:$BB13,Factors!$C$34:$BB$34)+SUMPRODUCT(Oxides_max!$C13:$BB13,Factors!$C$34:$BB$34))/2) -> 0 | AB13: =MAX(0,(SUMPRODUCT(Oxides_min!$C13:$BB13,Factors!$C$35:$BB$35)+SUMPRODUCT(Oxides_max!$C13:$BB13,Factors!$C$35:$BB$35))/2) -> 0 | AC13: =MAX(0,(SUMPRODUCT(Oxides_min!$C13:$BB13,Factors!$C$36:$BB$36)+SUMPRODUCT(Oxides_max!$C13:$BB13,Factors!$C$36:$BB$36))/2) -> 0 | AD13: =MAX(0,(SUMPRODUCT(Oxides_min!$C13:$BB13,Factors!$C$37:$BB$37)+SUMPRODUCT(Oxides_max!$C13:$BB13,Factors!$C$37:$BB$37))/2) -> 0.95120733 | AE13: =MAX(0,(SUMPRODUCT(Oxides_min!$C13:$BB13,Factors!$C$38:$BB$38)+SUMPRODUCT(Oxides_max!$C13:$BB13,Factors!$C$38:$BB$38))/2) -> 0 | AF13: =MAX(0,(SUMPRODUCT(Oxides_min!$C13:$BB13,Factors!$C$39:$BB$39)+SUMPRODUCT(Oxides_max!$C13:$BB13,Factors!$C$39:$BB$39))/2) -> 0 | AG13: =MAX(0,(SUMPRODUCT(Oxides_min!$C13:$BB13,Factors!$C$40:$BB$40)+SUMPRODUCT(Oxides_max!$C13:$BB13,Factors!$C$40:$BB$40))/2) -> 0 | AH13: =MAX(0,(SUMPRODUCT(Oxides_min!$C13:$BB13,Factors!$C$41:$BB$41)+SUMPRODUCT(Oxides_max!$C13:$BB13,Factors!$C$41:$BB$41))/2) -> 0 | AI13: =MAX(0,(SUMPRODUCT(Oxides_min!$C13:$BB13,Factors!$C$42:$BB$42)+SUMPRODUCT(Oxides_max!$C13:$BB13,Factors!$C$42:$BB$42))/2) -> 0 | AJ13: =MAX(0,(SUMPRODUCT(Oxides_min!$C13:$BB13,Factors!$C$43:$BB$43)+SUMPRODUCT(Oxides_max!$C13:$BB13,Factors!$C$43:$BB$43))/2) -> 0.13189686 | AK13: =MAX(0,(SUMPRODUCT(Oxides_min!$C13:$BB13,Factors!$C$44:$BB$44)+SUMPRODUCT(Oxides_max!$C13:$BB13,Factors!$C$44:$BB$44))/2) -> 0.094178854 | AL13: =MAX(0,(SUMPRODUCT(Oxides_min!$C13:$BB13,Factors!$C$45:$BB$45)+SUMPRODUCT(Oxides_max!$C13:$BB13,Factors!$C$45:$BB$45))/2) -> 0.021429621 | AM13: =MAX(0,(SUMPRODUCT(Oxides_min!$C13:$BB13,Factors!$C$46:$BB$46)+SUMPRODUCT(Oxides_max!$C13:$BB13,Factors!$C$46:$BB$46))/2) -> 0.019353786 | AN13: =MAX(0,(SUMPRODUCT(Oxides_min!$C13:$BB13,Factors!$C$47:$BB$47)+SUMPRODUCT(Oxides_max!$C13:$BB13,Factors!$C$47:$BB$47))/2) -> 0.069231496 | AO13: =MAX(0,(SUMPRODUCT(Oxides_min!$C13:$BB13,Factors!$C$48:$BB$48)+SUMPRODUCT(Oxides_max!$C13:$BB13,Factors!$C$48:$BB$48))/2) -> 0.0090547923 | AP13: =MAX(0,(SUMPRODUCT(Oxides_min!$C13:$BB13,Factors!$C$49:$BB$49)+SUMPRODUCT(Oxides_max!$C13:$BB13,Factors!$C$49:$BB$49))/2) -> 0.0011011102 | AQ13: =MAX(0,(SUMPRODUCT(Oxides_min!$C13:$BB13,Factors!$C$50:$BB$50)+SUMPRODUCT(Oxides_max!$C13:$BB13,Factors!$C$50:$BB$50))/2) -> 0.015833579 | AR13: =MAX(0,(SUMPRODUCT(Oxides_min!$C13:$BB13,Factors!$C$51:$BB$51)+SUMPRODUCT(Oxides_max!$C13:$BB13,Factors!$C$51:$BB$51))/2) -> 0.0028236197 | AS13: =MAX(0,(SUMPRODUCT(Oxides_min!$C13:$BB13,Factors!$C$52:$BB$52)+SUMPRODUCT(Oxides_max!$C13:$BB13,Factors!$C$52:$BB$52))/2) -> 0.014812452 | AT13: =MAX(0,(SUMPRODUCT(Oxides_min!$C13:$BB13,Factors!$C$53:$BB$53)+SUMPRODUCT(Oxides_max!$C13:$BB13,Factors!$C$53:$BB$53))/2) -> 0.0034919039 | AU13: =MAX(0,(SUMPRODUCT(Oxides_min!$C13:$BB13,Factors!$C$54:$BB$54)+SUMPRODUCT(Oxides_max!$C13:$BB13,Factors!$C$54:$BB$54))/2) -> 0.010931532 | AV13: =MAX(0,(SUMPRODUCT(Oxides_min!$C13:$BB13,Factors!$C$55:$BB$55)+SUMPRODUCT(Oxides_max!$C13:$BB13,Factors!$C$55:$BB$55))/2) -> 0.0015323211 | AW13: =MAX(0,(SUMPRODUCT(Oxides_min!$C13:$BB13,Factors!$C$56:$BB$56)+SUMPRODUCT(Oxides_max!$C13:$BB13,Factors!$C$56:$BB$56))/2) -> 0.0055766151 | AX13: =MAX(0,(SUMPRODUCT(Oxides_min!$C13:$BB13,Factors!$C$57:$BB$57)+SUMPRODUCT(Oxides_max!$C13:$BB13,Factors!$C$57:$BB$57))/2) -> 0.00090136808 | AY13: =MAX(0,(SUMPRODUCT(Oxides_min!$C13:$BB13,Factors!$C$58:$BB$58)+SUMPRODUCT(Oxides_max!$C13:$BB13,Factors!$C$58:$BB$58))/2) -> 0 | AZ13: =SUM(B13:AY13) -> 101.32235
... A28: Zircon | B28: =MAX(0,(SUMPRODUCT(Oxides_min!$C28:$BB28,Factors!$C$9:$BB$9)+SUMPRODUCT(Oxides_max!$C28:$BB28,Factors!$C$9:$BB$9))/2) -> 34.959134 | C28: =MAX(0,(SUMPRODUCT(Oxides_min!$C28:$BB28,Factors!$C$10:$BB$10)+SUMPRODUCT(Oxides_max!$C28:$BB28,Factors!$C$10:$BB$10))/2) -> 15.341273 | D28: =MAX(0,(SUMPRODUCT(Oxides_min!$C28:$BB28,Factors!$C$11:$BB$11)+SUMPRODUCT(Oxides_max!$C28:$BB28,Factors!$C$11:$BB$11))/2) -> 0 | E28: =MAX(0,(SUMPRODUCT(Oxides_min!$C28:$BB28,Factors!$C$12:$BB$12)+SUMPRODUCT(Oxides_max!$C28:$BB28,Factors!$C$12:$BB$12))/2) -> 49.579387 | F28: =MAX(0,(SUMPRODUCT(Oxides_min!$C28:$BB28,Factors!$C$13:$BB$13)+SUMPRODUCT(Oxides_max!$C28:$BB28,Factors!$C$13:$BB$13))/2) -> 0.48758955 | G28: =MAX(0,(SUMPRODUCT(Oxides_min!$C28:$BB28,Factors!$C$14:$BB$14)+SUMPRODUCT(Oxides_max!$C28:$BB28,Factors!$C$14:$BB$14))/2) -> 0 | H28: =MAX(0,(SUMPRODUCT(Oxides_min!$C28:$BB28,Factors!$C$15:$BB$15)+SUMPRODUCT(Oxides_max!$C28:$BB28,Factors!$C$15:$BB$15))/2) -> 0 | I28: =MAX(0,(SUMPRODUCT(Oxides_min!$C28:$BB28,Factors!$C$16:$BB$16)+SUMPRODUCT(Oxides_max!$C28:$BB28,Factors!$C$16:$BB$16))/2) -> 0 | J28: =MAX(0,(SUMPRODUCT(Oxides_min!$C28:$BB28,Factors!$C$17:$BB$17)+SUMPRODUCT(Oxides_max!$C28:$BB28,Factors!$C$17:$BB$17))/2) -> 0 | K28: =MAX(0,(SUMPRODUCT(Oxides_min!$C28:$BB28,Factors!$C$18:$BB$18)+SUMPRODUCT(Oxides_max!$C28:$BB28,Factors!$C$18:$BB$18))/2) -> 0 | L28: =MAX(0,(SUMPRODUCT(Oxides_min!$C28:$BB28,Factors!$C$19:$BB$19)+SUMPRODUCT(Oxides_max!$C28:$BB28,Factors!$C$19:$BB$19))/2) -> 0 | M28: =MAX(0,(SUMPRODUCT(Oxides_min!$C28:$BB28,Factors!$C$20:$BB$20)+SUMPRODUCT(Oxides_max!$C28:$BB28,Factors!$C$20:$BB$20))/2) -> 0 | N28: =MAX(0,(SUMPRODUCT(Oxides_min!$C28:$BB28,Factors!$C$21:$BB$21)+SUMPRODUCT(Oxides_max!$C28:$BB28,Factors!$C$21:$BB$21))/2) -> 0 | O28: =MAX(0,(SUMPRODUCT(Oxides_min!$C28:$BB28,Factors!$C$22:$BB$22)+SUMPRODUCT(Oxides_max!$C28:$BB28,Factors!$C$22:$BB$22))/2) -> 0 | P28: =MAX(0,(SUMPRODUCT(Oxides_min!$C28:$BB28,Factors!$C$23:$BB$23)+SUMPRODUCT(Oxides_max!$C28:$BB28,Factors!$C$23:$BB$23))/2) -> 0 | Q28: =MAX(0,(SUMPRODUCT(Oxides_min!$C28:$BB28,Factors!$C$24:$BB$24)+SUMPRODUCT(Oxides_max!$C28:$BB28,Factors!$C$24:$BB$24))/2) -> 0 | R28: =MAX(0,(SUMPRODUCT(Oxides_min!$C28:$BB28,Factors!$C$25:$BB$25)+SUMPRODUCT(Oxides_max!$C28:$BB28,Factors!$C$25:$BB$25))/2) -> 0 | S28: =MAX(0,(SUMPRODUCT(Oxides_min!$C28:$BB28,Factors!$C$26:$BB$26)+SUMPRODUCT(Oxides_max!$C28:$BB28,Factors!$C$26:$BB$26))/2) -> 0 | T28: =MAX(0,(SUMPRODUCT(Oxides_min!$C28:$BB28,Factors!$C$27:$BB$27)+SUMPRODUCT(Oxides_max!$C28:$BB28,Factors!$C$27:$BB$27))/2) -> 0 | U28: =MAX(0,(SUMPRODUCT(Oxides_min!$C28:$BB28,Factors!$C$28:$BB$28)+SUMPRODUCT(Oxides_max!$C28:$BB28,Factors!$C$28:$BB$28))/2) -> 0 | V28: =MAX(0,(SUMPRODUCT(Oxides_min!$C28:$BB28,Factors!$C$29:$BB$29)+SUMPRODUCT(Oxides_max!$C28:$BB28,Factors!$C$29:$BB$29))/2) -> 0 | W28: =MAX(0,(SUMPRODUCT(Oxides_min!$C28:$BB28,Factors!$C$30:$BB$30)+SUMPRODUCT(Oxides_max!$C28:$BB28,Factors!$C$30:$BB$30))/2) -> 0 | X28: =MAX(0,(SUMPRODUCT(Oxides_min!$C28:$BB28,Factors!$C$31:$BB$31)+SUMPRODUCT(Oxides_max!$C28:$BB28,Factors!$C$31:$BB$31))/2) -> 0 | Y28: =MAX(0,(SUMPRODUCT(Oxides_min!$C28:$BB28,Factors!$C$32:$BB$32)+SUMPRODUCT(Oxides_max!$C28:$BB28,Factors!$C$32:$BB$32))/2) -> 0 | Z28: =MAX(0,(SUMPRODUCT(Oxides_min!$C28:$BB28,Factors!$C$33:$BB$33)+SUMPRODUCT(Oxides_max!$C28:$BB28,Factors!$C$33:$BB$33))/2) -> 0 | AA28: =MAX(0,(SUMPRODUCT(Oxides_min!$C28:$BB28,Factors!$C$34:$BB$34)+SUMPRODUCT(Oxides_max!$C28:$BB28,Factors!$C$34:$BB$34))/2) -> 0 | AB28: =MAX(0,(SUMPRODUCT(Oxides_min!$C28:$BB28,Factors!$C$35:$BB$35)+SUMPRODUCT(Oxides_max!$C28:$BB28,Factors!$C$35:$BB$35))/2) -> 0 | AC28: =MAX(0,(SUMPRODUCT(Oxides_min!$C28:$BB28,Factors!$C$36:$BB$36)+SUMPRODUCT(Oxides_max!$C28:$BB28,Factors!$C$36:$BB$36))/2) -> 0 | AD28: =MAX(0,(SUMPRODUCT(Oxides_min!$C28:$BB28,Factors!$C$37:$BB$37)+SUMPRODUCT(Oxides_max!$C28:$BB28,Factors!$C$37:$BB$37))/2) -> 0 | AE28: =MAX(0,(SUMPRODUCT(Oxides_min!$C28:$BB28,Factors!$C$38:$BB$38)+SUMPRODUCT(Oxides_max!$C28:$BB28,Factors!$C$38:$BB$38))/2) -> 0 | AF28: =MAX(0,(SUMPRODUCT(Oxides_min!$C28:$BB28,Factors!$C$39:$BB$39)+SUMPRODUCT(Oxides_max!$C28:$BB28,Factors!$C$39:$BB$39))/2) -> 0 | AG28: =MAX(0,(SUMPRODUCT(Oxides_min!$C28:$BB28,Factors!$C$40:$BB$40)+SUMPRODUCT(Oxides_max!$C28:$BB28,Factors!$C$40:$BB$40))/2) -> 0.0043940592 | AH28: =MAX(0,(SUMPRODUCT(Oxides_min!$C28:$BB28,Factors!$C$41:$BB$41)+SUMPRODUCT(Oxides_max!$C28:$BB28,Factors!$C$41:$BB$41))/2) -> 0.01322251 | AI28: =MAX(0,(SUMPRODUCT(Oxides_min!$C28:$BB28,Factors!$C$42:$BB$42)+SUMPRODUCT(Oxides_max!$C28:$BB28,Factors!$C$42:$BB$42))/2) -> 0 | AJ28: =MAX(0,(SUMPRODUCT(Oxides_min!$C28:$BB28,Factors!$C$43:$BB$43)+SUMPRODUCT(Oxides_max!$C28:$BB28,Factors!$C$43:$BB$43))/2) -> 0 | AK28: =MAX(0,(SUMPRODUCT(Oxides_min!$C28:$BB28,Factors!$C$44:$BB$44)+SUMPRODUCT(Oxides_max!$C28:$BB28,Factors!$C$44:$BB$44))/2) -> 0 | AL28: =MAX(0,(SUMPRODUCT(Oxides_min!$C28:$BB28,Factors!$C$45:$BB$45)+SUMPRODUCT(Oxides_max!$C28:$BB28,Factors!$C$45:$BB$45))/2) -> 0 | AM28: =MAX(0,(SUMPRODUCT(Oxides_min!$C28:$BB28,Factors!$C$46:$BB$46)+SUMPRODUCT(Oxides_max!$C28:$BB28,Factors!$C$46:$BB$46))/2) -> 0 | AN28: =MAX(0,(SUMPRODUCT(Oxides_min!$C28:$BB28,Factors!$C$47:$BB$47)+SUMPRODUCT(Oxides_max!$C28:$BB28,Factors!$C$47:$BB$47))/2) -> 0 | AO28: =MAX(0,(SUMPRODUCT(Oxides_min!$C28:$BB28,Factors!$C$48:$BB$48)+SUMPRODUCT(Oxides_max!$C28:$BB28,Factors!$C$48:$BB$48))/2) -> 0 | AP28: =MAX(0,(SUMPRODUCT(Oxides_min!$C28:$BB28,Factors!$C$49:$BB$49)+SUMPRODUCT(Oxides_max!$C28:$BB28,Factors!$C$49:$BB$49))/2) -> 0 | AQ28: =MAX(0,(SUMPRODUCT(Oxides_min!$C28:$BB28,Factors!$C$50:$BB$50)+SUMPRODUCT(Oxides_max!$C28:$BB28,Factors!$C$50:$BB$50))/2) -> 0 | AR28: =MAX(0,(SUMPRODUCT(Oxides_min!$C28:$BB28,Factors!$C$51:$BB$51)+SUMPRODUCT(Oxides_max!$C28:$BB28,Factors!$C$51:$BB$51))/2) -> 0 | AS28: =MAX(0,(SUMPRODUCT(Oxides_min!$C28:$BB28,Factors!$C$52:$BB$52)+SUMPRODUCT(Oxides_max!$C28:$BB28,Factors!$C$52:$BB$52))/2) -> 0 | AT28: =MAX(0,(SUMPRODUCT(Oxides_min!$C28:$BB28,Factors!$C$53:$BB$53)+SUMPRODUCT(Oxides_max!$C28:$BB28,Factors!$C$53:$BB$53))/2) -> 0 | AU28: =MAX(0,(SUMPRODUCT(Oxides_min!$C28:$BB28,Factors!$C$54:$BB$54)+SUMPRODUCT(Oxides_max!$C28:$BB28,Factors!$C$54:$BB$54))/2) -> 0 | AV28: =MAX(0,(SUMPRODUCT(Oxides_min!$C28:$BB28,Factors!$C$55:$BB$55)+SUMPRODUCT(Oxides_max!$C28:$BB28,Factors!$C$55:$BB$55))/2) -> 0 | AW28: =MAX(0,(SUMPRODUCT(Oxides_min!$C28:$BB28,Factors!$C$56:$BB$56)+SUMPRODUCT(Oxides_max!$C28:$BB28,Factors!$C$56:$BB$56))/2) -> 0 | AX28: =MAX(0,(SUMPRODUCT(Oxides_min!$C28:$BB28,Factors!$C$57:$BB$57)+SUMPRODUCT(Oxides_max!$C28:$BB28,Factors!$C$57:$BB$57))/2) -> 0 | AY28: =MAX(0,(SUMPRODUCT(Oxides_min!$C28:$BB28,Factors!$C$58:$BB$58)+SUMPRODUCT(Oxides_max!$C28:$BB28,Factors!$C$58:$BB$58))/2) -> 0 | AZ28: =SUM(B28:AY28) -> 100.385
A29: Muscovite | B29: =MAX(0,(SUMPRODUCT(Oxides_min!$C29:$BB29,Factors!$C$9:$BB$9)+SUMPRODUCT(Oxides_max!$C29:$BB29,Factors!$C$9:$BB$9))/2) -> 48.454122 | C29: =MAX(0,(SUMPRODUCT(Oxides_min!$C29:$BB29,Factors!$C$10:$BB$10)+SUMPRODUCT(Oxides_max!$C29:$BB29,Factors!$C$10:$BB$10))/2) -> 21.298754 | D29: =MAX(0,(SUMPRODUCT(Oxides_min!$C29:$BB29,Factors!$C$11:$BB$11)+SUMPRODUCT(Oxides_max!$C29:$BB29,Factors!$C$11:$BB$11))/2) -> 0 | E29: =MAX(0,(SUMPRODUCT(Oxides_min!$C29:$BB29,Factors!$C$12:$BB$12)+SUMPRODUCT(Oxides_max!$C29:$BB29,Factors!$C$12:$BB$12))/2) -> 0 | F29: =MAX(0,(SUMPRODUCT(Oxides_min!$C29:$BB29,Factors!$C$13:$BB$13)+SUMPRODUCT(Oxides_max!$C29:$BB29,Factors!$C$13:$BB$13))/2) -> 0 | G29: =MAX(0,(SUMPRODUCT(Oxides_min!$C29:$BB29,Factors!$C$14:$BB$14)+SUMPRODUCT(Oxides_max!$C29:$BB29,Factors!$C$14:$BB$14))/2) -> 0 | H29: =MAX(0,(SUMPRODUCT(Oxides_min!$C29:$BB29,Factors!$C$15:$BB$15)+SUMPRODUCT(Oxides_max!$C29:$BB29,Factors!$C$15:$BB$15))/2) -> 20.400208 | I29: =MAX(0,(SUMPRODUCT(Oxides_min!$C29:$BB29,Factors!$C$16:$BB$16)+SUMPRODUCT(Oxides_max!$C29:$BB29,Factors!$C$16:$BB$16))/2) -> 0 | J29: =MAX(0,(SUMPRODUCT(Oxides_min!$C29:$BB29,Factors!$C$17:$BB$17)+SUMPRODUCT(Oxides_max!$C29:$BB29,Factors!$C$17:$BB$17))/2) -> 0 | K29: =MAX(0,(SUMPRODUCT(Oxides_min!$C29:$BB29,Factors!$C$18:$BB$18)+SUMPRODUCT(Oxides_max!$C29:$BB29,Factors!$C$18:$BB$18))/2) -> 0 | L29: =MAX(0,(SUMPRODUCT(Oxides_min!$C29:$BB29,Factors!$C$19:$BB$19)+SUMPRODUCT(Oxides_max!$C29:$BB29,Factors!$C$19:$BB$19))/2) -> 0 | M29: =MAX(0,(SUMPRODUCT(Oxides_min!$C29:$BB29,Factors!$C$20:$BB$20)+SUMPRODUCT(Oxides_max!$C29:$BB29,Factors!$C$20:$BB$20))/2) -> 0.030152094 | N29: =MAX(0,(SUMPRODUCT(Oxides_min!$C29:$BB29,Factors!$C$21:$BB$21)+SUMPRODUCT(Oxides_max!$C29:$BB29,Factors!$C$21:$BB$21))/2) -> 0 | O29: =MAX(0,(SUMPRODUCT(Oxides_min!$C29:$BB29,Factors!$C$22:$BB$22)+SUMPRODUCT(Oxides_max!$C29:$BB29,Factors!$C$22:$BB$22))/2) -> 0 | P29: =MAX(0,(SUMPRODUCT(Oxides_min!$C29:$BB29,Factors!$C$23:$BB$23)+SUMPRODUCT(Oxides_max!$C29:$BB29,Factors!$C$23:$BB$23))/2) -> 0 | Q29: =MAX(0,(SUMPRODUCT(Oxides_min!$C29:$BB29,Factors!$C$24:$BB$24)+SUMPRODUCT(Oxides_max!$C29:$BB29,Factors!$C$24:$BB$24))/2) -> 0 | R29: =MAX(0,(SUMPRODUCT(Oxides_min!$C29:$BB29,Factors!$C$25:$BB$25)+SUMPRODUCT(Oxides_max!$C29:$BB29,Factors!$C$25:$BB$25))/2) -> 0.23739592 | S29: =MAX(0,(SUMPRODUCT(Oxides_min!$C29:$BB29,Factors!$C$26:$BB$26)+SUMPRODUCT(Oxides_max!$C29:$BB29,Factors!$C$26:$BB$26))/2) -> 9.0901568 | T29: 0.1 | U29: =MAX(0,(SUMPRODUCT(Oxides_min!$C29:$BB29,Factors!$C$28:$BB$28)+SUMPRODUCT(Oxides_max!$C29:$BB29,Factors!$C$28:$BB$28))/2) -> 0 | V29: =MAX(0,(SUMPRODUCT(Oxides_min!$C29:$BB29,Factors!$C$29:$BB$29)+SUMPRODUCT(Oxides_max!$C29:$BB29,Factors!$C$29:$BB$29))/2) -> 0 | W29: =MAX(0,(SUMPRODUCT(Oxides_min!$C29:$BB29,Factors!$C$30:$BB$30)+SUMPRODUCT(Oxides_max!$C29:$BB29,Factors!$C$30:$BB$30))/2) -> 0 | X29: =MAX(0,(SUMPRODUCT(Oxides_min!$C29:$BB29,Factors!$C$31:$BB$31)+SUMPRODUCT(Oxides_max!$C29:$BB29,Factors!$C$31:$BB$31))/2) -> 0 | Y29: =MAX(0,(SUMPRODUCT(Oxides_min!$C29:$BB29,Factors!$C$32:$BB$32)+SUMPRODUCT(Oxides_max!$C29:$BB29,Factors!$C$32:$BB$32))/2) -> 0 | Z29: =MAX(0,(SUMPRODUCT(Oxides_min!$C29:$BB29,Factors!$C$33:$BB$33)+SUMPRODUCT(Oxides_max!$C29:$BB29,Factors!$C$33:$BB$33))/2) -> 0 | AA29: =MAX(0,(SUMPRODUCT(Oxides_min!$C29:$BB29,Factors!$C$34:$BB$34)+SUMPRODUCT(Oxides_max!$C29:$BB29,Factors!$C$34:$BB$34))/2) -> 0 | AB29: =MAX(0,(SUMPRODUCT(Oxides_min!$C29:$BB29,Factors!$C$35:$BB$35)+SUMPRODUCT(Oxides_max!$C29:$BB29,Factors!$C$35:$BB$35))/2) -> 0 | AC29: =MAX(0,(SUMPRODUCT(Oxides_min!$C29:$BB29,Factors!$C$36:$BB$36)+SUMPRODUCT(Oxides_max!$C29:$BB29,Factors!$C$36:$BB$36))/2) -> 0 | AD29: =MAX(0,(SUMPRODUCT(Oxides_min!$C29:$BB29,Factors!$C$37:$BB$37)+SUMPRODUCT(Oxides_max!$C29:$BB29,Factors!$C$37:$BB$37))/2) -> 0.51421149 | AE29: =MAX(0,(SUMPRODUCT(Oxides_min!$C29:$BB29,Factors!$C$38:$BB$38)+SUMPRODUCT(Oxides_max!$C29:$BB29,Factors!$C$38:$BB$38))/2) -> 0 | AF29: =MAX(0,(SUMPRODUCT(Oxides_min!$C29:$BB29,Factors!$C$39:$BB$39)+SUMPRODUCT(Oxides_max!$C29:$BB29,Factors!$C$39:$BB$39))/2) -> 0 | AG29: =MAX(0,(SUMPRODUCT(Oxides_min!$C29:$BB29,Factors!$C$40:$BB$40)+SUMPRODUCT(Oxides_max!$C29:$BB29,Factors!$C$40:$BB$40))/2) -> 0 | AH29: =MAX(0,(SUMPRODUCT(Oxides_min!$C29:$BB29,Factors!$C$41:$BB$41)+SUMPRODUCT(Oxides_max!$C29:$BB29,Factors!$C$41:$BB$41))/2) -> 0 | AI29: =MAX(0,(SUMPRODUCT(Oxides_min!$C29:$BB29,Factors!$C$42:$BB$42)+SUMPRODUCT(Oxides_max!$C29:$BB29,Factors!$C$42:$BB$42))/2) -> 0 | AJ29: =MAX(0,(SUMPRODUCT(Oxides_min!$C29:$BB29,Factors!$C$43:$BB$43)+SUMPRODUCT(Oxides_max!$C29:$BB29,Factors!$C$43:$BB$43))/2) -> 0 | AK29: =MAX(0,(SUMPRODUCT(Oxides_min!$C29:$BB29,Factors!$C$44:$BB$44)+SUMPRODUCT(Oxides_max!$C29:$BB29,Factors!$C$44:$BB$44))/2) -> 0 | AL29: =MAX(0,(SUMPRODUCT(Oxides_min!$C29:$BB29,Factors!$C$45:$BB$45)+SUMPRODUCT(Oxides_max!$C29:$BB29,Factors!$C$45:$BB$45))/2) -> 0 | AM29: =MAX(0,(SUMPRODUCT(Oxides_min!$C29:$BB29,Factors!$C$46:$BB$46)+SUMPRODUCT(Oxides_max!$C29:$BB29,Factors!$C$46:$BB$46))/2) -> 0 | AN29: =MAX(0,(SUMPRODUCT(Oxides_min!$C29:$BB29,Factors!$C$47:$BB$47)+SUMPRODUCT(Oxides_max!$C29:$BB29,Factors!$C$47:$BB$47))/2) -> 0 | AO29: =MAX(0,(SUMPRODUCT(Oxides_min!$C29:$BB29,Factors!$C$48:$BB$48)+SUMPRODUCT(Oxides_max!$C29:$BB29,Factors!$C$48:$BB$48))/2) -> 0 | AP29: =MAX(0,(SUMPRODUCT(Oxides_min!$C29:$BB29,Factors!$C$49:$BB$49)+SUMPRODUCT(Oxides_max!$C29:$BB29,Factors!$C$49:$BB$49))/2) -> 0 | AQ29: =MAX(0,(SUMPRODUCT(Oxides_min!$C29:$BB29,Factors!$C$50:$BB$50)+SUMPRODUCT(Oxides_max!$C29:$BB29,Factors!$C$50:$BB$50))/2) -> 0 | AR29: =MAX(0,(SUMPRODUCT(Oxides_min!$C29:$BB29,Factors!$C$51:$BB$51)+SUMPRODUCT(Oxides_max!$C29:$BB29,Factors!$C$51:$BB$51))/2) -> 0 | AS29: =MAX(0,(SUMPRODUCT(Oxides_min!$C29:$BB29,Factors!$C$52:$BB$52)+SUMPRODUCT(Oxides_max!$C29:$BB29,Factors!$C$52:$BB$52))/2) -> 0 | AT29: =MAX(0,(SUMPRODUCT(Oxides_min!$C29:$BB29,Factors!$C$53:$BB$53)+SUMPRODUCT(Oxides_max!$C29:$BB29,Factors!$C$53:$BB$53))/2) -> 0 | AU29: =MAX(0,(SUMPRODUCT(Oxides_min!$C29:$BB29,Factors!$C$54:$BB$54)+SUMPRODUCT(Oxides_max!$C29:$BB29,Factors!$C$54:$BB$54))/2) -> 0 | AV29: =MAX(0,(SUMPRODUCT(Oxides_min!$C29:$BB29,Factors!$C$55:$BB$55)+SUMPRODUCT(Oxides_max!$C29:$BB29,Factors!$C$55:$BB$55))/2) -> 0 | AW29: =MAX(0,(SUMPRODUCT(Oxides_min!$C29:$BB29,Factors!$C$56:$BB$56)+SUMPRODUCT(Oxides_max!$C29:$BB29,Factors!$C$56:$BB$56))/2) -> 0 | AX29: =MAX(0,(SUMPRODUCT(Oxides_min!$C29:$BB29,Factors!$C$57:$BB$57)+SUMPRODUCT(Oxides_max!$C29:$BB29,Factors!$C$57:$BB$57))/2) -> 0 | AY29: =MAX(0,(SUMPRODUCT(Oxides_min!$C29:$BB29,Factors!$C$58:$BB$58)+SUMPRODUCT(Oxides_max!$C29:$BB29,Factors!$C$58:$BB$58))/2) -> 0 | AZ29: =SUM(B29:AY29) -> 100.125
